para,ayah,word_no,arabic,transliteration,urdu
1,2:2,5,فِيهِ ۛ,fīhi,اس میں
1,2:5,5,رَّبِّهِمْ ۖ,rabbihim,اپنے رب کی طرف
1,2:7,1,خَتَمَ,khatama,مہر لگا دی
1,2:11,9,إِنَّمَا,innamā,بیشک صرف
1,2:14,14,إِنَّمَا,innamā,بیشک صرف
1,2:17,11,ٱللَّهُ,l-lahu,اللہ نے
1,2:18,6,يَرْجِعُونَ,yarjiʿūna,وہ پلٹیں گے / وہ لوٹیں گے
1,2:19,2,كَصَيِّبٍۢ,kaṣayyibin,یا جیسے مثال ہے زور دار بارش کی
1,2:25,25,وَأُتُوا۟,wa-utū,اور وہ دئیے جائیں گے
1,2:26,4,يَسْتَحْىِۦٓ,yastaḥyī,شرماتا / حیا فرماتا
1,2:33,2,يَـٰٓـَٔادَمُ,yāādamu,اے آدم
1,2:33,21,كُنتُمْ,kuntum,تھے تم
1,2:33,22,تَكْتُمُونَ,taktumūna,چھپاتے
1,2:35,9,رَغَدًا,raghadan,خوب جی بھر کے / بافراغت
1,2:35,16,فَتَكُونَا,fatakūnā,ورنہ تم دونوں ہو جاؤ گے
1,2:36,7,فِيهِ ۖ,fīhi,اس میں
1,2:36,19,حِينٍۢ,ḥīnin,ایک وقت کے
1,2:42,5,وَتَكْتُمُوا۟,wataktumū,اور نہ تم چھپاؤ
1,2:44,9,أَفَلَا,afalā,کیا پھر نہیں
1,2:47,8,وَأَنِّى,wa-annī,اور یہ کہ میں نے
1,2:47,9,فَضَّلْتُكُمْ,faḍḍaltukum,فضیلت دی تھی تم کو
1,2:48,1,وَٱتَّقُوا۟,wa-ittaqū,اور ڈرو
1,2:49,6,يَسُومُونَكُمْ,yasūmūnakum,وہ تکلیف دیتے تھے تم کو
1,2:49,17,رَّبِّكُمْ,rabbikum,تمہارے رب کی طرف
1,2:51,2,وَٰعَدْنَا,wāʿadnā,ہم نے وعدہ کیا
1,2:52,6,ذَٰلِكَ,dhālika,اس (شرک) کے
1,2:54,6,إِنَّكُمْ,innakum,بیشک تم
1,2:57,12,رَزَقْنَـٰكُمْ ۖ,razaqnākum,رزق دیا ہم نے تم کو
1,2:60,23,ٱللَّهِ,l-lahi,اللہ کے
1,2:60,24,وَلَا,walā,اور نہ
1,2:61,2,قُلْتُمْ,qul'tum,کہا تم نے
1,2:61,24,أَتَسْتَبْدِلُونَ,atastabdilūna,کیا تم بدلنا چاہتے ہو
1,2:66,5,يَدَيْهَا,yadayhā,اس کے دونوں ہاتھوں کے (یعنی سامنے)
1,2:67,20,ٱلْجَـٰهِلِينَ,l-jāhilīna,جاہلوں
1,2:68,17,بِكْرٌ,bik'run,بچھیا / کم عمر
1,2:68,23,تُؤْمَرُونَ,tu'marūna,تم حکم دیئے جاتے ہو
1,2:72,7,مُخْرِجٌۭ,mukh'rijun,نکالنے والا ہے
1,2:72,8,مَّا,mā,اس کو جو
1,2:74,4,مِّنۢ,min,سے
1,2:74,5,بَعْدِ,baʿdi,بعد
1,2:75,6,كَانَ,kāna,تھا
1,2:75,9,يَسْمَعُونَ,yasmaʿūna,وہ سنتے
1,2:75,10,كَلَـٰمَ,kalāma,کلام
1,2:79,1,فَوَيْلٌۭ,fawaylun,پس ہلاکت ہے
1,2:79,2,لِّلَّذِينَ,lilladhīna,ان لوگوں کے لئے
1,2:83,13,ٱلْقُرْبَىٰ,l-qur'bā,قرابت کے
1,2:85,11,تَظَـٰهَرُونَ,taẓāharūna,تم ایک دوسرے کی مدد کرتے ہو / جتھہ بندی کرتے ہو
1,2:85,18,تُفَـٰدُوهُمْ,tufādūhum,تم فدیہ دے کر چھڑاتے ہو انہیں
1,2:85,48,عَمَّا,ʿammā,اس سے جو
1,2:87,18,جَآءَكُمْ,jāakum,آیا تمہارے پاس
1,2:90,6,يَكْفُرُوا۟,yakfurū,کہ وہ کفر کریں
1,2:90,18,يَشَآءُ,yashāu,وہ چاہتا ہے
1,2:90,20,عِبَادِهِۦ ۖ,ʿibādihi,اپنے بندوں میں
1,2:90,27,مُّهِينٌۭ,muhīnun,رسوا کن / ذلیل کرنے والا
1,2:91,9,نُؤْمِنُ,nu'minu,ہم ایمان لاتے ہیں
1,2:93,4,وَرَفَعْنَا,warafaʿnā,اور بلند کیا ہم نے
1,2:95,5,قَدَّمَتْ,qaddamat,آگے بھیجا
1,2:95,6,أَيْدِيهِمْ ۗ,aydīhim,ان کے ہاتھوں نے
1,2:96,5,حَيَوٰةٍۢ,ḥayatin,زندگی کے / زندہ رہنے کے
1,2:96,15,وَمَا,wamā,اور نہیں
1,2:96,18,مِنَ,mina,سے
1,2:97,18,لِلْمُؤْمِنِينَ,lil'mu'minīna,مومنین کے لئے
1,2:100,4,نَّبَذَهُۥ,nabadhahu,پھینک دیا اس کو
1,2:101,9,مَعَهُمْ,maʿahum,ان کے پاس ہے
1,2:101,19,ظُهُورِهِمْ,ẓuhūrihim,اپنی پیٹھوں کے
1,2:102,26,مِنْ,min,سے
1,2:102,30,إِنَّمَا,innamā,بیشک صرف
1,2:102,55,وَلَا,walā,اور نہ
1,2:102,62,لَهُۥ,lahu,اس کے لئے
1,2:102,69,شَرَوْا۟,sharaw,انہوں نے بیچ ڈالا
1,2:102,70,بِهِۦٓ,bihi,بدلے اس کے
1,2:105,8,وَلَا,walā,اور نہ
1,2:105,15,مِّن,min,طرف سے
1,2:105,16,رَّبِّكُمْ ۗ,rabbikum,تمہارے رب کی
1,2:105,24,ٱلْفَضْلِ,l-faḍli,فضل
1,2:106,1,۞ مَا,mā,جو بھی
1,2:107,16,وَلَا,walā,اور نہ
1,2:109,20,لَهُمُ,lahumu,ان کے لئے
1,2:114,13,خَرَابِهَآ ۚ,kharābihā,ان کی ویرانی
1,2:114,15,مَا,mā,نہیں
1,2:114,16,كَانَ,kāna,مناسب تھا
1,2:114,17,لَهُمْ,lahum,ان کے لئے
1,2:114,22,لَهُمْ,lahum,ان کے لئے
1,2:114,24,ٱلدُّنْيَا,l-dun'yā,دنیا
1,2:114,26,وَلَهُمْ,walahum,اور ان کے لئے
1,2:114,28,ٱلْـَٔاخِرَةِ,l-ākhirati,آخرت
1,2:115,5,تُوَلُّوا۟,tuwallū,تم رخ کرو
1,2:116,9,فِى,fī,میں
1,2:117,1,بَدِيعُ,badīʿu,بغیر نمونے کے پیدا کرنے والا / موجد ہے
1,2:117,7,فَإِنَّمَا,fa-innamā,تو بیشک صرف
1,2:118,6,يُكَلِّمُنَا,yukallimunā,کلام کرتا ہم سے
1,2:119,1,إِنَّآ,innā,بیشک ہم
1,2:120,6,ٱلنَّصَـٰرَىٰ,l-naṣārā,عیسائی / نصاریٰ
1,2:122,4,نِعْمَتِىَ,niʿ'matiya,میری نعمت
1,2:122,6,أَنْعَمْتُ,anʿamtu,میں نے انعام کی تھی
1,2:122,8,وَأَنِّى,wa-annī,اور یہ کہ میں
1,2:123,18,يُنصَرُونَ,yunṣarūna,مدد کئے جائیں گے
1,2:125,11,مُصَلًّۭى ۖ,muṣallan,نماز کی جگہ
1,2:125,12,وَعَهِدْنَآ,waʿahid'nā,اور تاکید کی ہم نے / عہد لیا ہم نے
1,2:125,15,وَإِسْمَـٰعِيلَ,wa-is'māʿīla,اور اسماعیل
1,2:126,5,ٱجْعَلْ,ij'ʿal,تو بنا دے
1,2:126,7,بَلَدًا,baladan,شہر کو
1,2:126,14,ءَامَنَ,āmana,ایمان لائے
1,2:130,7,مَن,man,جس نے
1,2:130,17,لَمِنَ,lamina,ضرور ان میں سے (ہوگا)
1,2:130,18,ٱلصَّـٰلِحِينَ,l-ṣāliḥīna,جو نیک ہیں
1,2:131,9,ٱلْعَـٰلَمِينَ,l-ʿālamīna,جہانوں کے
1,2:132,15,وَأَنتُم,wa-antum,اس حال میں کہ تم
1,2:133,15,قَالُوا۟,qālū,انہوں نے کہا
1,2:133,26,لَهُۥ,lahu,اس کے لئے
1,2:135,15,ٱلْمُشْرِكِينَ,l-mush'rikīna,مشرکین
1,2:137,11,فَإِنَّمَا,fa-innamā,تو بیشک صرف
1,2:139,7,وَرَبُّكُمْ,warabbukum,اور تمہارا رب
1,2:139,8,وَلَنَآ,walanā,اور ہمارے لئے
1,2:139,13,لَهُۥ,lahu,اس کے لئے
1,2:140,9,كَانُوا۟,kānū,وہ سب تھے
1,2:140,12,نَصَـٰرَىٰ ۗ,naṣārā,عیسائی
2,2:143,45,رَّحِيمٌۭ,raḥīmun,نہایت رحم کرنے والا ہے
2,2:144,16,مَا,mā,بھی
2,2:147,7,ٱلْمُمْتَرِينَ,l-mum'tarīna,شک کرنے والوں میں
2,2:148,7,أَيْنَ,ayna,جہاں کہیں
2,2:150,9,وَحَيْثُ,waḥaythu,اور جہاں کہیں
2,2:150,12,فَوَلُّوا۟,fawallū,تو پھیر لو
2,2:151,9,وَيُزَكِّيكُمْ,wayuzakkīkum,اور وہ پاک کرتا ہے تمہیں
2,2:155,4,ٱلْخَوْفِ,l-khawfi,(یعنی) خوف
2,2:155,6,وَنَقْصٍۢ,wanaqṣin,اور کمی
2,2:156,4,مُّصِيبَةٌۭ,muṣībatun,کوئی مصیبت
2,2:157,3,صَلَوَٰتٌۭ,ṣalawātun,رحمتیں۔ نوازشیں۔ عنایتیں
2,2:159,19,وَيَلْعَنُهُمُ,wayalʿanuhumu,اور لعنت کرتے ہیں ان پر
2,2:164,33,دَآبَّةٍۢ,dābbatin,جانور
2,2:167,5,أَنَّ,anna,بیشک
2,2:168,14,لَكُمْ,lakum,تمہارے لیے
2,2:169,1,إِنَّمَا,innamā,بس
2,2:170,12,أَلْفَيْنَا,alfaynā,پایا ہم نے
2,2:173,1,إِنَّمَا,innamā,بس
2,2:173,18,عَادٍۢ,ʿādin,حد سے بڑھنے والا ہو
2,2:176,12,لَفِى,lafī,البتہ
2,2:176,13,شِقَاقٍۭ,shiqāqin,مخالفت میں ہیں
2,2:177,23,ذَوِى,dhawī,والوں کو
2,2:177,24,ٱلْقُرْبَىٰ,l-qur'bā,قرابت
2,2:179,5,يَـٰٓأُو۟لِى,yāulī,اے
2,2:179,8,تَتَّقُونَ,tattaqūna,تم بچو۔ تم پرہیزگار ہوجاؤ
2,2:181,4,سَمِعَهُۥ,samiʿahu,اس نے سنا اسے
2,2:181,5,فَإِنَّمَآ,fa-innamā,تو بس
2,2:181,6,إِثْمُهُۥ,ith'muhu,گناہ اس کا
2,2:181,7,عَلَى,ʿalā,اوپر
2,2:181,8,ٱلَّذِينَ,alladhīna,ان لوگوں کے ہے جو
2,2:181,9,يُبَدِّلُونَهُۥٓ ۚ,yubaddilūnahu,بدل دیتے ہیں اس کو
2,2:187,4,ٱلصِّيَامِ,l-ṣiyāmi,روزوں کی
2,2:187,42,ٱلْفَجْرِ ۖ,l-fajri,فجر
2,2:188,6,وَتُدْلُوا۟,watud'lū,اور (نہ) پہنچاؤ
2,2:189,3,ٱلْأَهِلَّةِ ۖ,l-ahilati,نئے چاندوں کے
2,2:189,15,ظُهُورِهَا,ẓuhūrihā,ان کی پچھلی طرف
2,2:189,23,أَبْوَٰبِهَا ۚ,abwābihā,ان کے دروازوں
2,2:195,7,بِأَيْدِيكُمْ,bi-aydīkum,اپنے ہاتھوں سے
2,2:196,26,رَّأْسِهِۦ,rasihi,اس کے سر
2,2:196,29,صِيَامٍ,ṣiyāmin,روزے
2,2:196,40,ٱلْحَجِّ,l-ḥaji,حج
2,2:196,44,ٱلْهَدْىِ ۚ,l-hadyi,قربانی
2,2:196,52,ٱلْحَجِّ,l-ḥaji,حج
2,2:197,9,رَفَثَ,rafatha,عورتوں کی طرف رغبت کرے۔ کوئی شہوانی فعل کرے
2,2:197,11,فُسُوقَ,fusūqa,کوئی گناہ کا کام
2,2:197,15,ٱلْحَجِّ ۗ,l-ḥaji,حج
2,2:197,19,خَيْرٍۢ,khayrin,بھلائی/نیکی میں
2,2:198,14,ٱللَّهَ,l-laha,اللہ کو
2,2:200,12,ٱلنَّاسِ,l-nāsi,لوگوں میں
2,2:200,22,ٱلْـَٔاخِرَةِ,l-ākhirati,آخرت
2,2:203,14,تَأَخَّرَ,ta-akhara,تاخیر کرے۔ دیر کرے
2,2:204,1,وَمِنَ,wamina,اور میں سے
2,2:204,7,ٱلْحَيَوٰةِ,l-ḥayati,زندگی
2,2:204,14,قَلْبِهِۦ,qalbihi,اس کے دل ہے
2,2:213,8,مُبَشِّرِينَ,mubashirīna,خوشخبری دینے والے
2,2:215,18,خَيْرٍۢ,khayrin,نیکی میں
2,2:217,3,ٱلشَّهْرِ,l-shahri,مہینے کے بارے
2,2:217,30,يَزَالُونَ,yazālūna,وہ باز آئیں گے
2,2:217,35,دِينِكُمْ,dīnikum,تمہارے دین
2,2:217,42,دِينِهِۦ,dīnihi,اپنے دین
2,2:220,5,عَنِ,ʿani,بارے میں
2,2:220,6,ٱلْيَتَـٰمَىٰ ۖ,l-yatāmā,یتیموں کے
2,2:221,32,ٱلْجَنَّةِ,l-janati,جنت کی
2,2:222,2,عَنِ,ʿani,بارے میں
2,2:222,3,ٱلْمَحِيضِ ۖ,l-maḥīḍi,حیض کے
2,2:230,19,إِن,in,اگر
2,2:232,7,تَعْضُلُوهُنَّ,taʿḍulūhunna,تم روکو انہیں
2,2:233,36,فِصَالًا,fiṣālan,دودھ چھڑانے کا
2,2:233,38,تَرَاضٍۢ,tarāḍin,باہم رضا مندی
2,2:233,55,ءَاتَيْتُم,ātaytum,دینا طے کیا تم نے
2,2:234,7,بِأَنفُسِهِنَّ,bi-anfusihinna,اپنے آپ کو۔ ساتھ اپنے نفسوں کے
2,2:235,8,خِطْبَةِ,khiṭ'bati,منگنی
2,2:235,9,ٱلنِّسَآءِ,l-nisāi,عورتوں کی
2,2:235,20,تُوَاعِدُوهُنَّ,tuwāʿidūhunna,تم باہم وعدہ کرو ان سے
2,2:237,6,تَمَسُّوهُنَّ,tamassūhunna,تم ہاتھ لگاؤ ان کو
2,2:246,42,دِيَـٰرِنَا,diyārinā,اپنے گھروں
2,2:247,34,ٱلْعِلْمِ,l-ʿil'mi,علم
2,2:248,14,وَبَقِيَّةٌۭ,wabaqiyyatun,اور باقی ماندہ ہے
2,2:251,24,ذُو,dhū,صاحب
2,2:251,25,فَضْلٍ,faḍlin,فضل ہے
3,2:253,7,مِّنْهُم,min'hum,ان میں سے
3,2:253,26,ٱقْتَتَلَ,iq'tatala,باہم لڑتے
3,2:253,31,بَعْدِ,baʿdi,اس کے بعد
3,2:253,42,كَفَرَ ۚ,kafara,کفر کیا
3,2:254,8,قَبْلِ,qabli,پہلے
3,2:255,6,ٱلْحَىُّ,l-ḥayu,جو ہمیشہ سے زندہ ہے
3,2:255,21,ذَا,dhā,ہے
3,2:256,17,بِٱلْعُرْوَةِ,bil-ʿur'wati,کڑے کو
3,2:256,21,لَهَا ۗ,lahā,اس کے لیے
3,2:257,13,ٱلطَّـٰغُوتُ,l-ṭāghūtu,طاغوت ہیں
3,2:258,5,حَآجَّ,ḥājja,جس نے جھگڑا کیا
3,2:258,35,ٱلْمَغْرِبِ,l-maghribi,مغرب
3,2:258,39,وَٱللَّهُ,wal-lahu,اور اللہ
3,2:259,2,كَٱلَّذِى,ka-alladhī,مانند اس شخص کے جو
3,2:259,53,نُنشِزُهَا,nunshizuhā,ہم اٹھاتے ہیں ان کو
3,2:259,59,لَهُۥ,lahu,اس پر
3,2:259,61,أَعْلَمُ,aʿlamu,میں جانتا ہوں
3,2:261,6,سَبِيلِ,sabīli,راستے
3,2:261,12,سَنَابِلَ,sanābila,بالیاں
3,2:262,9,يُتْبِعُونَ,yut'biʿūna,وہ پیچھے لگاتے
3,2:262,12,مَنًّۭا,mannan,احسان جتا کر
3,2:262,15,لَّهُمْ,lahum,ان کے لیے
3,2:263,6,صَدَقَةٍۢ,ṣadaqatin,اس صدقہ
3,2:265,9,مِّنْ,min,طرف سے
3,2:265,10,أَنفُسِهِمْ,anfusihim,اپنے نفسوں کی
3,2:266,7,مِّن,min,سے
3,2:266,9,وَأَعْنَابٍۢ,wa-aʿnābin,اور انگوروں
3,2:266,11,مِن,min,سے
3,2:266,12,تَحْتِهَا,taḥtihā,اس کے نیچے
3,2:266,28,فَٱحْتَرَقَتْ ۗ,fa-iḥ'taraqat,تو وہ جل جائے
3,2:267,8,كَسَبْتُمْ,kasabtum,کمایا تم نے
3,2:267,15,تَيَمَّمُوا۟,tayammamū,تم ارادہ کرو
3,2:267,22,أَن,an,یہ کہ
3,2:271,5,هِىَ ۖ,hiya,وہ۔ یہ (ظاہر کرنا)
3,2:271,11,خَيْرٌۭ,khayrun,بہتر ہے
3,2:271,12,لَّكُمْ ۚ,lakum,تمہارے لیے
3,2:271,16,سَيِّـَٔاتِكُمْ ۗ,sayyiātikum,تمہاری برائیوں
3,2:272,14,وَمَا,wamā,اور نہیں
3,2:272,15,تُنفِقُونَ,tunfiqūna,تم خرچ کرتے
3,2:272,19,ٱللَّهِ ۚ,l-lahi,اللہ کی
3,2:272,26,وَأَنتُمْ,wa-antum,اور تم
3,2:272,28,تُظْلَمُونَ,tuẓ'lamūna,ظلم کیے جاؤ گے
3,2:273,16,ٱلتَّعَفُّفِ,l-taʿafufi,ان کی خودداری کی
3,2:275,7,كَمَا,kamā,جیسا کہ
3,2:275,8,يَقُومُ,yaqūmu,کھڑا ہوتا ہے
3,2:275,15,بِأَنَّهُمْ,bi-annahum,اس لیے کہ بیشک وہ
3,2:275,16,قَالُوٓا۟,qālū,انہوں نے کہا
3,2:275,17,إِنَّمَا,innamā,بس
3,2:275,18,ٱلْبَيْعُ,l-bayʿu,تجارت
3,2:275,19,مِثْلُ,mith'lu,مانند ہے
3,2:275,20,ٱلرِّبَوٰا۟ ۗ,l-riba,سود کے
3,2:275,29,مِّن,min,طرف سے
3,2:275,30,رَّبِّهِۦ,rabbihi,اس کے رب کی
3,2:275,42,ٱلنَّارِ ۖ,l-nāri,آگ کے ہیں
3,2:276,4,وَيُرْبِى,wayur'bī,اور بڑھاتا ہے
3,2:279,8,وَرَسُولِهِۦ ۖ,warasūlihi,اور اس کے رسول
3,2:279,10,تُبْتُمْ,tub'tum,توبہ کرلو تم
3,2:279,16,وَلَا,walā,اور نہ
3,2:280,5,فَنَظِرَةٌ,fanaẓiratun,تو مہلت دینا ہے
3,2:282,8,أَجَلٍۢ,ajalin,ایک مدت
3,2:282,9,مُّسَمًّۭى,musamman,مقرر
3,2:282,28,وَلْيَتَّقِ,walyattaqi,اور چاہیے کہ وہ ڈرے
3,2:282,55,رِّجَالِكُمْ ۖ,rijālikum,اپنے مردوں
3,2:282,67,تَضِلَّ,taḍilla,بھول جائے
3,2:282,85,إِلَىٰٓ,ilā,تک
3,2:282,95,تَرْتَابُوٓا۟ ۖ,tartābū,تم شک میں مبتلا ہو جاؤ
3,2:282,120,بِكُمْ ۗ,bikum,تمہارے لیے
3,2:283,8,فَرِهَـٰنٌۭ,farihānun,تو رہن ہو
3,2:283,9,مَّقْبُوضَةٌۭ ۖ,maqbūḍatun,قبضہ میں دیا ہوا
3,2:283,18,وَلْيَتَّقِ,walyattaqi,اور چاہیے کہ وہ ڈرے
3,2:285,8,وَٱلْمُؤْمِنُونَ ۚ,wal-mu'minūna,اور مومن
3,2:286,15,تُؤَاخِذْنَآ,tuākhidh'nā,مواخذہ کرنا ہمارا
3,2:286,28,ٱلَّذِينَ,alladhīna,ان لوگوں جو
3,2:286,30,قَبْلِنَا ۚ,qablinā,پہلے ہمارے
3,2:286,48,ٱلْقَوْمِ,l-qawmi,قوم
3,2:286,49,ٱلْكَـٰفِرِينَ,l-kāfirīna,کافر کے
3,3:4,3,هُدًۭى,hudan,ہدایت ہے
3,3:7,14,فَأَمَّا,fa-ammā,پس رہے
3,3:7,23,ٱبْتِغَآءَ,ib'tighāa,چاہنے کو۔ تلاش کرنے کو
3,3:7,26,تَأْوِيلِهِۦ ۗ,tawīlihi,اس کی تاویل کو
3,3:7,36,ءَامَنَّا,āmannā,ایمان لائے ہم
3,3:7,40,عِندِ,ʿindi,پاس
3,3:7,41,رَبِّنَا ۗ,rabbinā,ہمارے رب کے ہے
3,3:8,1,رَبَّنَا,rabbanā,اے ہمارے رب
3,3:12,2,لِّلَّذِينَ,lilladhīna,ان لوگوں سے
3,3:13,2,كَانَ,kāna,تھی
3,3:14,11,ٱلذَّهَبِ,l-dhahabi,سونے
3,3:15,4,مِّن,min,سے
3,3:15,5,ذَٰلِكُمْ ۚ,dhālikum,اس
3,3:15,7,ٱتَّقَوْا۟,ittaqaw,جنہوں نے تقویٰ اختیار کیا
3,3:15,13,تَحْتِهَا,taḥtihā,اس کے نیچے
3,3:15,17,وَأَزْوَٰجٌۭ,wa-azwājun,اور بیویاں
3,3:16,9,وَقِنَا,waqinā,اور بچا ہم کو
3,3:18,1,شَهِدَ,shahida,گواہی دی
3,3:18,11,قَآئِمًۢا,qāiman,قائم رکھنے والا
3,3:19,9,أُوتُوا۟,ūtū,جو دیے گئے
3,3:19,15,جَآءَهُمُ,jāahumu,آگیا ان کے پاس
3,3:19,16,ٱلْعِلْمُ,l-ʿil'mu,علم
3,3:20,7,وَمَنِ,wamani,اور جس نے
3,3:20,8,ٱتَّبَعَنِ ۗ,ittabaʿani,میری پیروی کی
3,3:20,10,لِّلَّذِينَ,lilladhīna,ان لوگوں سے
3,3:20,14,ءَأَسْلَمْتُمْ ۚ,a-aslamtum,کیا اسلام لائے تم۔ سپرد کردیا تم نے
3,3:20,21,فَإِنَّمَا,fa-innamā,تو بس
3,3:23,16,يَتَوَلَّىٰ,yatawallā,منہ موڑتا ہے۔ پہلو تہی کرتا ہے
3,3:24,5,تَمَسَّنَا,tamassanā,چھوئے گی ہم کو
3,3:24,13,مَّا,mā,اس چیز نے جو
3,3:26,16,وَتُذِلُّ,watudhillu,اور تو ذلیل کرتا ہے
3,3:26,17,مَن,man,جس کو
3,3:26,18,تَشَآءُ ۖ,tashāu,تو چاہتا ہے
3,3:27,13,وَتُخْرِجُ,watukh'riju,اور تو نکالتا ہے
3,3:27,15,مِنَ,mina,سے
3,3:27,16,ٱلْحَىِّ ۖ,l-ḥayi,زندہ
3,3:28,7,دُونِ,dūni,سوا
3,3:28,22,وَيُحَذِّرُكُمُ,wayuḥadhirukumu,اور ڈراتا ہے تم کو
3,3:29,5,فِى,fī,میں ہے
3,3:29,8,تُبْدُوهُ,tub'dūhu,تم ظاہر کرو اس کو
3,3:35,6,إِنِّى,innī,بیشک میں
3,3:36,5,إِنِّى,innī,بیشک میں
3,3:36,15,وَإِنِّى,wa-innī,اور بیشک میں
3,3:44,17,كُنتَ,kunta,تھا تو
3,3:44,20,يَخْتَصِمُونَ,yakhtaṣimūna,وہ جھگڑ رہے تھے
3,3:45,7,يُبَشِّرُكِ,yubashiruki,خوش خبری دیتا ہے تجھ کو
3,3:46,4,ٱلْمَهْدِ,l-mahdi,پنگھوڑے
3,3:47,9,بَشَرٌۭ ۖ,basharun,کسی انسان نے
3,3:47,15,يَشَآءُ ۚ,yashāu,وہ چاہتا ہے
3,3:47,19,فَإِنَّمَا,fa-innamā,تو بس
3,3:47,21,لَهُۥ,lahu,اس کو
3,3:49,13,لَكُم,lakum,تمہارے لیے
3,3:50,3,بَيْنَ,bayna,سامنے
3,3:50,4,يَدَىَّ,yadayya,میرے
3,3:59,7,ءَادَمَ ۖ,ādama,آدم کی
3,3:61,10,فَقُلْ,faqul,تو کہہ دیجیے
3,3:61,12,نَدْعُ,nadʿu,ہم بلائیں
3,3:64,30,بِأَنَّا,bi-annā,کہ بیشک ہم
3,3:65,7,وَمَآ,wamā,حالانکہ نہیں
3,3:65,9,ٱلتَّوْرَىٰةُ,l-tawrātu,تورات
3,3:65,12,مِنۢ,min,سے
3,3:65,13,بَعْدِهِۦٓ ۚ,baʿdihi,اس کے بعد
3,3:66,12,لَكُم,lakum,تمہارے لیے
3,3:67,9,حَنِيفًۭا,ḥanīfan,یکسو
3,3:67,10,مُّسْلِمًۭا,mus'liman,مسلم۔ فرماں بردار
3,3:67,14,ٱلْمُشْرِكِينَ,l-mush'rikīna,مشرکوں
3,3:71,9,وَأَنتُمْ,wa-antum,حالانکہ تم
3,3:72,8,أُنزِلَ,unzila,جو نازل کی گئی
3,3:75,3,ٱلْكِتَـٰبِ,l-kitābi,کتاب
3,3:77,25,وَلَهُمْ,walahum,اور ان کے لیے
3,3:77,26,عَذَابٌ,ʿadhābun,عذاب ہے
3,3:77,27,أَلِيمٌۭ,alīmun,دردناک
3,3:78,4,يَلْوُۥنَ,yalwūna,وہ مروڑتے ہیں
3,3:78,7,لِتَحْسَبُوهُ,litaḥsabūhu,تاکہ تم سمجھو اس کو
3,3:78,15,هُوَ,huwa,وہ
3,3:79,3,لِبَشَرٍ,libasharin,کسی بشر کے لیے
3,3:80,2,يَأْمُرَكُمْ,yamurakum,وہ حکم دے گا تم کو
3,3:80,10,بَعْدَ,baʿda,بعد
3,3:81,15,لِّمَا,limā,واسطے اس کے جو
3,3:81,18,بِهِۦ,bihi,ساتھ اس کے
3,3:81,19,وَلَتَنصُرُنَّهُۥ ۚ,walatanṣurunnahu,اور البتہ تم ضرور مدد کرو گے اس کی
3,3:81,24,ذَٰلِكُمْ,dhālikum,اس
3,3:81,27,أَقْرَرْنَا ۚ,aqrarnā,ہم نے اقرار کیا
3,3:81,29,فَٱشْهَدُوا۟,fa-ish'hadū,پس گواہ رہو
3,3:81,32,مِّنَ,mina,میں سے ہوں
3,3:81,33,ٱلشَّـٰهِدِينَ,l-shāhidīna,گواہوں
3,3:82,7,ٱلْفَـٰسِقُونَ,l-fāsiqūna,جو فاسق ہیں
3,3:83,5,وَلَهُۥٓ,walahu,حالانکہ اس کے لیے
3,3:83,6,أَسْلَمَ,aslama,مطیع ہے۔ تابع ہے
3,3:84,14,وَٱلْأَسْبَاطِ,wal-asbāṭi,اور اولاد یعقوب پر
3,3:84,21,رَّبِّهِمْ,rabbihim,ان کے رب کی طرف
3,3:84,26,مِّنْهُمْ,min'hum,ان میں سے
3,3:85,11,ٱلْـَٔاخِرَةِ,l-ākhirati,آخرت
3,3:85,13,ٱلْخَـٰسِرِينَ,l-khāsirīna,نقصان اٹھانے والوں
3,3:88,4,يُخَفَّفُ,yukhaffafu,ہلکا کیا جائے گا
3,3:90,8,كُفْرًۭا,kuf'ran,کفر میں
3,3:90,9,لَّن,lan,ہرگز نہ
3,3:90,11,تَوْبَتُهُمْ,tawbatuhum,ان کی توبہ
3,3:91,16,بِهِۦٓ ۗ,bihi,اس کو
4,3:92,11,شَىْءٍۢ,shayin,کسی چیز
4,3:93,16,تُنَزَّلَ,tunazzala,نازل کی جائے
4,3:94,6,مِنۢ,min,سے
4,3:95,7,حَنِيفًۭا,ḥanīfan,جو یکسو تھے
4,3:99,2,يَـٰٓأَهْلَ,yāahla,اے اہل
4,3:109,4,ٱلسَّمَـٰوَٰتِ,l-samāwāti,آسمانوں
4,3:109,7,ٱلْأَرْضِ ۚ,l-arḍi,زمین
4,3:112,5,مَا,mā,بھی
4,3:112,32,بِمَا,bimā,بوجہ اس کے جو
4,3:113,7,قَآئِمَةٌۭ,qāimatun,قائم رہتی ہے۔ کھڑی رہتی ہے
4,3:114,1,يُؤْمِنُونَ,yu'minūna,وہ ایمان لاتے ہیں
4,3:114,12,ٱلْخَيْرَٰتِ,l-khayrāti,بھلائیوں۔ نیکیوں
4,3:117,23,يَظْلِمُونَ,yaẓlimūna,وہ ظلم کرتے ہیں
4,3:118,25,بَيَّنَّا,bayyannā,بیان کیں ہم نے۔ بیان کردی ہیں ہم نے
4,3:124,7,يُمِدَّكُمْ,yumiddakum,مدد کرے تمہاری
4,3:125,4,وَتَتَّقُوا۟,watattaqū,اور تم تقوی کرو گے
4,3:125,8,هَـٰذَا,hādhā,اسی دم
4,3:125,15,مُسَوِّمِينَ,musawwimīna,نشان لگے ہوئے۔ نشان دار۔ نشان مقرر کرنے والے
4,3:126,7,وَلِتَطْمَئِنَّ,walitaṭma-inna,اور تاکہ مطمئن ہوجائیں
4,3:129,4,ٱلسَّمَـٰوَٰتِ,l-samāwāti,آسمانوں
4,3:129,7,ٱلْأَرْضِ ۚ,l-arḍi,زمین
4,3:133,5,رَّبِّكُمْ,rabbikum,اپنے رب کی طرف (سے)
4,3:137,8,ٱلْأَرْضِ,l-arḍi,زمین
4,3:143,6,قَبْلِ,qabli,پہلے
4,3:145,7,بِإِذْنِ,bi-idh'ni,اذن سے
4,3:146,3,نَّبِىٍّۢ,nabiyyin,نبیوں میں
4,3:146,4,قَـٰتَلَ,qātala,جنگ کی۔ لڑے
4,3:147,7,رَبَّنَا,rabbanā,اے رب ہمارے
4,3:148,5,وَحُسْنَ,waḥus'na,اور اچھا
4,3:152,38,فَضْلٍ,faḍlin,فضل (ہے)
4,3:153,4,تَلْوُۥنَ,talwūna,تم مڑ کر دیکھتے تھے
4,3:153,8,يَدْعُوكُمْ,yadʿūkum,بلا رہے تھے تم کو
4,3:154,5,بَعْدِ,baʿdi,بعد
4,3:154,6,ٱلْغَمِّ,l-ghami,غم کے
4,3:154,26,ٱلْأَمْرِ,l-amri,معاملے میں
4,3:154,46,ٱلْأَمْرِ,l-amri,معاملے میں
4,3:154,71,قُلُوبِكُمْ ۗ,qulūbikum,تمہارے دلوں (میں) ہے
4,3:155,6,ٱلْتَقَى,l-taqā,آمنے سامنے ہوئیں۔ ملی تھیں
4,3:155,8,إِنَّمَا,innamā,بیشک صرف
4,3:159,1,فَبِمَا,fabimā,پس بوجہ
4,3:159,21,ٱلْأَمْرِ ۖ,l-amri,معاملات۔ معاملے
4,3:164,21,مِن,min,اس سے
4,3:164,22,قَبْلُ,qablu,پہلے
4,3:165,2,أَصَـٰبَتْكُم,aṣābatkum,پہنچی تم کو
4,3:167,24,يَقُولُونَ,yaqūlūna,وہ کہتے ہیں
4,3:167,27,لَيْسَ,laysa,نہیں ہے
4,3:168,8,قُتِلُوا۟ ۗ,qutilū,وہ مارے جاتے
4,3:168,12,أَنفُسِكُمُ,anfusikumu,اپنے نفسوں
4,3:170,13,خَلْفِهِمْ,khalfihim,ان کے پیچھے
4,3:175,1,إِنَّمَا,innamā,بیشک صرف
4,3:178,6,نُمْلِى,num'lī,ہم ڈھیل دے رہے ہیں
4,3:178,10,إِنَّمَا,innamā,بیشک صرف
4,3:179,14,ٱلطَّيِّبِ ۗ,l-ṭayibi,پاک
4,3:179,25,رُّسُلِهِۦ,rusulihi,اپنے رسولوں میں
4,3:180,9,فَضْلِهِۦ,faḍlihi,اپنے فضل
4,3:180,16,لَّهُمْ ۖ,lahum,ان کے لیے
4,3:180,17,سَيُطَوَّقُونَ,sayuṭawwaqūna,عنقریب وہ طوق پہنائے جائیں گے
4,3:185,5,وَإِنَّمَا,wa-innamā,اور بیشک صرف
4,3:186,4,وَأَنفُسِكُمْ,wa-anfusikum,اور اپنے نفسوں
4,3:186,12,وَمِنَ,wamina,اور سے
4,3:186,13,ٱلَّذِينَ,alladhīna,ان لوگوں
4,3:186,24,ٱلْأُمُورِ,l-umūri,کاموں میں ہے
4,3:187,8,لَتُبَيِّنُنَّهُۥ,latubayyinunnahu,البتہ تم ضرور بیان کرو گے اس کو
4,3:188,15,بِمَفَازَةٍۢ,bimafāzatin,بچاؤ کی جگہ میں
4,3:189,2,مُلْكُ,mul'ku,بادشاہت
4,3:190,7,ٱلَّيْلِ,al-layli,رات کا
4,3:190,10,لِّأُو۟لِى,li-ulī,والوں کے لیے
4,3:191,12,وَٱلْأَرْضِ,wal-arḍi,اور زمین کی (وہ کہہ اٹھتے ہیں)
4,3:193,5,يُنَادِى,yunādī,پکارتا تھا
4,3:194,4,وَعَدتَّنَا,waʿadttanā,وعدہ کیا تو نے ہم سے
4,3:195,21,دِيَـٰرِهِمْ,diyārihim,اپنے گھروں
4,3:195,39,ٱللَّهِ ۗ,l-lahi,اللہ کے
4,3:196,4,ٱلَّذِينَ,alladhīna,ان لوگوں کا
4,3:196,7,ٱلْبِلَـٰدِ,l-bilādi,ملکوں۔ شہروں
4,3:198,4,رَبَّهُمْ,rabbahum,اپنے رب سے
4,3:199,18,بِـَٔايَـٰتِ,biāyāti,بدلے آیات کے
4,3:199,21,قَلِيلًا ۗ,qalīlan,تھوڑے
4,4:1,4,رَبَّكُمُ,rabbakumu,اپنے رب سے۔ اپنے رب کا
4,4:1,9,وَٰحِدَةٍۢ,wāḥidatin,ایک
4,4:2,5,تَتَبَدَّلُوا۟,tatabaddalū,تم بدل لو
4,4:3,17,خِفْتُمْ,khif'tum,ڈرو تم
4,4:3,20,فَوَٰحِدَةً,fawāḥidatan,تو ایک ہی (سے نکاح کرو)
4,4:3,28,تَعُولُوا۟,taʿūlū,تم ایک طرف جھک جاؤ گے۔ تم بےانصافی کرو گے
4,4:4,14,مَّرِيٓـًۭٔا,marīan,خوشگوار بنا کر
4,4:6,1,وَٱبْتَلُوا۟,wa-ib'talū,اور آزمائش کرو
4,4:8,5,ٱلْقُرْبَىٰ,l-qur'bā,قرابت
4,4:9,6,خَلْفِهِمْ,khalfihim,اپنے پیچھے
4,4:9,9,خَافُوا۟,khāfū,وہ ڈرتے
4,4:10,7,إِنَّمَا,innamā,بیشک صرف
4,4:10,10,بُطُونِهِمْ,buṭūnihim,اپنے پیٹوں
4,4:11,4,أَوْلَـٰدِكُمْ ۖ,awlādikum,تمہاری اولاد (کے بارے)
4,4:11,5,لِلذَّكَرِ,lildhakari,لڑکے کے لیے
4,4:11,13,ٱثْنَتَيْنِ,ith'natayni,دو سے
4,4:11,24,لِكُلِّ,likulli,ہر کے لیے
4,4:11,49,مِنۢ,min,سے
4,4:11,64,فَرِيضَةًۭ,farīḍatan,فریضہ ہے
4,4:12,43,مِّنۢ,min,سے
4,4:12,74,مِنۢ,min,سے
4,4:12,82,مُضَآرٍّۢ ۚ,muḍārrin,نقصان دینے والا ہو۔ ضرر پہنچانے والا ہو
4,4:17,1,إِنَّمَا,innamā,بیشک صرف
4,4:17,3,عَلَى,ʿalā,اوپر
4,4:17,4,ٱللَّهِ,l-lahi,اللہ کے (ذمہ ہے)
4,4:18,12,إِنِّى,innī,بیشک میں
4,4:20,16,وَإِثْمًۭا,wa-ith'man,اور گناہ کے ساتھ
4,4:23,18,وَأُمَّهَـٰتُ,wa-ummahātu,اور مائیں
4,4:23,19,نِسَآئِكُمْ,nisāikum,تمہاری بیویوں کی
4,4:23,23,حُجُورِكُم,ḥujūrikum,تمہاری گودوں
4,4:23,41,أَصْلَـٰبِكُمْ,aṣlābikum,تمہاری پشت (ہیں)
5,4:24,12,لَكُم,lakum,تمہارے لیے
5,4:24,14,وَرَآءَ,warāa,علاوہ ہیں
5,4:24,15,ذَٰلِكُمْ,dhālikum,ان کے
5,4:24,23,ٱسْتَمْتَعْتُم,is'tamtaʿtum,تم فائدہ اٹھاؤ
5,4:24,33,تَرَٰضَيْتُم,tarāḍaytum,تم باہم راضی ہو جاؤ
5,4:25,48,لِمَنْ,liman,اس کے لیے ہے جو
5,4:26,5,وَيَهْدِيَكُمْ,wayahdiyakum,اور راہنمائی کرے تمہاری
5,4:27,11,تَمِيلُوا۟,tamīlū,تم جھک جاؤ
5,4:30,5,وَظُلْمًۭا,waẓul'man,اور ظلم (کرنے کے لیے)
5,4:30,8,نَارًۭا ۚ,nāran,آگ میں
5,4:32,9,بَعْضٍۢ ۚ,baʿḍin,بعض
5,4:32,14,وَلِلنِّسَآءِ,walilnnisāi,اور عورتوں کے لیے
5,4:33,3,مَوَٰلِىَ,mawāliya,وارث
5,4:34,5,بِمَا,bimā,بسبب اس کے جو
5,4:34,11,وَبِمَآ,wabimā,اور بسبب اس کے جو
5,4:34,18,لِّلْغَيْبِ,lil'ghaybi,غیب کے لیے
5,4:34,25,فَعِظُوهُنَّ,faʿiẓūhunna,پس نصیحت کرو ان کو
5,4:34,28,ٱلْمَضَاجِعِ,l-maḍājiʿi,بستروں
5,4:35,7,مِّنْ,min,میں سے
5,4:35,8,أَهْلِهِۦ,ahlihi,اس مرد کے گھروالوں
5,4:35,14,إِصْلَـٰحًۭا,iṣ'lāḥan,اصلاح کرنا
5,4:36,22,وَمَا,wamā,اور ان کے ساتھ جن کے
5,4:37,12,وَأَعْتَدْنَا,wa-aʿtadnā,اور تیار کیا ہم نے
5,4:39,4,ءَامَنُوا۟,āmanū,وہ ایمان لاتے
5,4:39,8,وَأَنفَقُوا۟,wa-anfaqū,اور خرچ کرتے
5,4:40,13,لَّدُنْهُ,ladun'hu,اپنے
5,4:42,1,يَوْمَئِذٍۢ,yawma-idhin,اس دن
5,4:42,2,يَوَدُّ,yawaddu,آرزو کریں گے
5,4:43,5,تَقْرَبُوا۟,taqrabū,تم قریب جاؤ
5,4:43,8,سُكَـٰرَىٰ,sukārā,نشے کی حالت میں
5,4:43,18,حَتَّىٰ,ḥattā,یہاں تک کہ
5,4:43,27,جَآءَ,jāa,آئے
5,4:46,4,يُحَرِّفُونَ,yuḥarrifūna,وہ تحریف کردیتے ہیں
5,4:46,5,ٱلْكَلِمَ,l-kalima,کلمات کی
5,4:46,22,قَالُوا۟,qālū,وہ کہتے
5,4:46,29,لَّهُمْ,lahum,ان کے لیے
5,4:46,30,وَأَقْوَمَ,wa-aqwama,اور زیادہ درست
5,4:46,36,يُؤْمِنُونَ,yu'minūna,وہ ایمان لائیں گے
5,4:51,14,كَفَرُوا۟,kafarū,جنہوں نے کفر کیا
5,4:54,16,وَءَاتَيْنَـٰهُم,waātaynāhum,اور دی ہم نے ان کو
5,4:58,3,يَأْمُرُكُمْ,yamurukum,حکم دیتا ہے تمہیں
5,4:58,4,أَن,an,کہ
5,4:58,5,تُؤَدُّوا۟,tu-addū,تم ادا کرو
5,4:58,14,تَحْكُمُوا۟,taḥkumū,تم فیصلہ کرو
5,4:59,6,وَأَطِيعُوا۟,wa-aṭīʿū,اور اطاعت کرو
5,4:59,8,وَأُو۟لِى,wa-ulī,اور صاحبان
5,4:59,9,ٱلْأَمْرِ,l-amri,امر کی
5,4:60,3,إِلَى,ilā,طرف
5,4:60,4,ٱلَّذِينَ,alladhīna,ان لوگوں کی جو
5,4:60,17,يَتَحَاكَمُوٓا۟,yataḥākamū,وہ فیصلہ لے جائیں
5,4:60,22,أَن,an,کہ
5,4:60,23,يَكْفُرُوا۟,yakfurū,وہ کفر کریں
5,4:60,28,يُضِلَّهُمْ,yuḍillahum,بھٹکا دے ان کو
5,4:61,2,قِيلَ,qīla,کہا جاتا ہے
5,4:61,8,ٱللَّهُ,l-lahu,اللہ نے
5,4:63,8,فَأَعْرِضْ,fa-aʿriḍ,تو آپ اعراض برتیں
5,4:63,14,أَنفُسِهِمْ,anfusihim,نفسوں میں
5,4:63,16,بَلِيغًۭا,balīghan,پہنچنے والی
5,4:64,6,لِيُطَاعَ,liyuṭāʿa,تاکہ اطاعت کی جائے
5,4:64,12,ظَّلَمُوٓا۟,ẓalamū,انہوں نے ظلم کیا
5,4:64,20,لَوَجَدُوا۟,lawajadū,البتہ وہ پاتے
5,4:64,22,تَوَّابًۭا,tawwāban,توبہ قبول کرنے والا
5,4:65,14,أَنفُسِهِمْ,anfusihim,اپنے نفسوں
5,4:66,11,دِيَـٰرِكُم,diyārikum,اپنے گھروں
5,4:66,22,بِهِۦ,bihi,ساتھ اس کے
5,4:68,1,وَلَهَدَيْنَـٰهُمْ,walahadaynāhum,اور البتہ ہم ہدایت دیتے ان کو
5,4:69,14,وَٱلشُّهَدَآءِ,wal-shuhadāi,اور شہیدوں
5,4:69,15,وَٱلصَّـٰلِحِينَ ۚ,wal-ṣāliḥīna,اور صالحین
5,4:74,13,سَبِيلِ,sabīli,رستے
5,4:75,6,سَبِيلِ,sabīli,راستے
5,4:75,7,ٱللَّهِ,l-lahi,اللہ کے
5,4:75,11,وَٱلنِّسَآءِ,wal-nisāi,اور عورتوں
5,4:75,12,وَٱلْوِلْدَٰنِ,wal-wil'dāni,اور بچوں
5,4:75,28,لَّنَا,lanā,ہمارے لیے
5,4:77,11,وَءَاتُوا۟,waātū,اور دو
5,4:77,17,إِذَا,idhā,تو اچانک
5,4:78,24,عِندِكَ ۚ,ʿindika,تیری طرف
5,4:78,27,مِّنْ,min,سے ہے
5,4:78,28,عِندِ,ʿindi,طرف
5,4:78,34,يَكَادُونَ,yakādūna,قریب ہوتے
5,4:79,5,فَمِنَ,famina,تو طرف سے ہے
5,4:79,14,لِلنَّاسِ,lilnnāsi,لوگوں کے لیے
5,4:81,10,غَيْرَ,ghayra,خلاف
5,4:83,7,ٱلْخَوْفِ,l-khawfi,خوف
5,4:83,8,أَذَاعُوا۟,adhāʿū,پھیلا دیتے ہیں
5,4:83,9,بِهِۦ ۖ,bihi,اُسے
5,4:83,15,أُو۟لِى,ulī,صاحبان
5,4:83,30,قَلِيلًۭا,qalīlan,بہت تھوڑے
5,4:84,11,عَسَى,ʿasā,امید ہے
5,4:84,14,يَكُفَّ,yakuffa,روک دے
5,4:84,16,ٱلَّذِينَ,alladhīna,ان لوگوں کا
5,4:84,19,أَشَدُّ,ashaddu,زیادہ سخت ہے
5,4:85,1,مَّن,man,جو کوئی
5,4:86,13,كُلِّ,kulli,ہر
5,4:90,16,يُقَـٰتِلُوا۟,yuqātilū,وہ جنگ کریں
5,4:90,30,ٱلسَّلَمَ,l-salama,صلح
5,4:90,34,لَكُمْ,lakum,تمہارے لیے
5,4:91,9,مَا,mā,بھی
5,4:91,18,وَيُلْقُوٓا۟,wayul'qū,اور نہ ڈالیں
5,4:92,26,قَوْمٍ,qawmin,قوم
5,4:92,44,أَهْلِهِۦ,ahlihi,اس کے اہل کے
5,4:92,54,تَوْبَةًۭ,tawbatan,توبہ (کا طریقہ)
5,4:94,7,سَبِيلِ,sabīli,راستے
5,4:94,10,وَلَا,walā,اور نہ
5,4:95,7,أُو۟لِى,ulī,والوں کے
5,4:95,8,ٱلضَّرَرِ,l-ḍarari,معذوری
5,4:98,5,وَٱلنِّسَآءِ,wal-nisāi,اور عورتوں
5,4:98,6,وَٱلْوِلْدَٰنِ,wal-wil'dāni,اور بچوں
5,4:99,10,غَفُورًۭا,ghafūran,بخشنے والا
5,4:100,16,مُهَاجِرًا,muhājiran,ہجرت کرتے ہوئے
5,4:101,15,يَفْتِنَكُمُ,yaftinakumu,فتنے میں ڈالیں تم کو
5,4:102,18,وَلْتَأْتِ,waltati,اور چاہیے کہ آجائے
5,4:102,25,وَلْيَأْخُذُوا۟,walyakhudhū,اور چاہیے کہ لیے رہیں
5,4:102,35,وَأَمْتِعَتِكُمْ,wa-amtiʿatikum,اور اپنے سازوسامان
5,4:103,8,وَعَلَىٰ,waʿalā,اور اوپر
5,4:103,9,جُنُوبِكُمْ ۚ,junūbikum,اپنے پہلوؤں کے
5,4:103,11,ٱطْمَأْنَنتُمْ,iṭ'manantum,تم اطمینان میں آجاؤ
5,4:103,18,ٱلْمُؤْمِنِينَ,l-mu'minīna,مومنوں
5,4:105,1,إِنَّآ,innā,بیشک ہم
5,4:106,4,ٱللَّهَ,l-laha,اللہ تعالیٰ
5,4:108,17,وَكَانَ,wakāna,اور ہے
5,4:111,4,فَإِنَّمَا,fa-innamā,تو بس
5,4:114,3,فِى,fī,میں
5,4:114,6,نَّجْوَىٰهُمْ,najwāhum,ان کی سرگوشیوں
5,4:122,6,جَنَّـٰتٍۢ,jannātin,باغات میں
5,4:122,10,ٱلْأَنْهَـٰرُ,l-anhāru,نہریں
5,4:123,2,بِأَمَانِيِّكُمْ,bi-amāniyyikum,ساتھ تمہاری آرزوؤں کے
5,4:123,4,أَمَانِىِّ,amāniyyi,ساتھ آرزوؤں کے
5,4:123,15,مِن,min,سے
5,4:125,5,أَسْلَمَ,aslama,سونپ دے۔ سپرد کردے
5,4:126,12,مُّحِيطًۭا,muḥīṭan,احاطہ کرنے والا
5,4:127,9,يُتْلَىٰ,yut'lā,پڑھا جاتا ہے
5,4:127,11,فِى,fī,میں
5,4:127,25,وَٱلْمُسْتَضْعَفِينَ,wal-mus'taḍʿafīna,اور کمزور سمجھے جانے والے
5,4:127,27,ٱلْوِلْدَٰنِ,l-wil'dāni,بچوں
5,4:128,23,وَتَتَّقُوا۟,watattaqū,اور تقوی اختیار کرو
5,4:128,29,خَبِيرًۭا,khabīran,خبر رکھنے والا
5,4:129,7,وَلَوْ,walaw,اور اگرچہ
5,4:131,14,قَبْلِكُمْ,qablikum,پہلے تمہارے
5,4:131,17,ٱتَّقُوا۟,ittaqū,ڈرو
5,4:133,10,عَلَىٰ,ʿalā,اوپر
5,4:133,11,ذَٰلِكَ,dhālika,اس کے
5,4:135,16,يَكُنْ,yakun,وہ ہو
5,4:135,21,أَوْلَىٰ,awlā,زیادہ خیر خواہ ہے
5,4:135,22,بِهِمَا ۖ,bihimā,ان دونوں کا
5,4:136,18,يَكْفُرْ,yakfur,کفر کرے گا
5,4:137,7,ءَامَنُوا۟,āmanū,ایمان لائے
5,4:137,13,لَّمْ,lam,نہیں
5,4:137,14,يَكُنِ,yakuni,ہے
5,4:138,3,بِأَنَّ,bi-anna,اس بات کی کہ بیشک
5,4:140,13,وَيُسْتَهْزَأُ,wayus'tahza-u,اور مذاق اڑایا جاتا ہے
5,4:140,32,جَهَنَّمَ,jahannama,جہنم
5,4:141,24,ٱلْمُؤْمِنِينَ ۚ,l-mu'minīna,مومنوں
5,4:141,28,يَوْمَ,yawma,کے دن
5,4:144,14,لِلَّهِ,lillahi,اللہ کے لیے
5,4:145,3,فِى,fī,میں
5,4:145,4,ٱلدَّرْكِ,l-darki,درجے
5,4:145,5,ٱلْأَسْفَلِ,l-asfali,سب سے نچلے
6,4:150,5,وَرُسُلِهِۦ,warusulihi,اور اس کے رسولوں کا
6,4:153,20,فَأَخَذَتْهُمُ,fa-akhadhathumu,تو پکڑ لیا ان کو
6,4:153,25,ٱلْعِجْلَ,l-ʿij'la,بچھڑے کو
6,4:153,26,مِنۢ,min,سے
6,4:154,4,بِمِيثَـٰقِهِمْ,bimīthāqihim,ان سے میثاق لینے کے لئے
6,4:154,15,ٱلسَّبْتِ,l-sabti,ہفتے کے دن
6,4:154,18,مِّيثَـٰقًا,mīthāqan,عہد
6,4:155,22,قَلِيلًۭا,qalīlan,تھوڑے
6,4:157,2,إِنَّا,innā,بیشک ہم
6,4:157,7,مَرْيَمَ,maryama,مریم کے
6,4:160,10,وَبِصَدِّهِمْ,wabiṣaddihim,اور بوجہ ان کے روکنے کے
6,4:163,1,۞ إِنَّآ,innā,بیشک ہم
6,4:171,4,تَغْلُوا۟,taghlū,تم حد سے بڑھو
6,4:171,13,إِنَّمَا,innamā,بیشک صرف
6,4:171,30,تَقُولُوا۟,taqūlū,تم کہو کہ
6,4:171,35,إِنَّمَا,innamā,بیشک صرف
6,4:172,12,يَسْتَنكِفْ,yastankif,عار سمجھے گا
6,4:176,46,تَضِلُّوا۟ ۗ,taḍillū,تم گمراہ ہوجاؤ
6,5:2,35,ٱلْحَرَامِ,l-ḥarāmi,حرام
6,5:3,17,أَكَلَ,akala,کھایا
6,5:3,18,ٱلسَّبُعُ,l-sabuʿu,درندے نے
6,5:4,11,مِّنَ,mina,سے
6,5:5,19,ٱلَّذِينَ,alladhīna,ان لوگوں میں
6,5:5,20,أُوتُوا۟,ūtū,جو دیے گئے
6,5:5,43,ٱلْخَـٰسِرِينَ,l-khāsirīna,خسارہ پانے والوں میں ہوگا
6,5:6,33,ٱلْغَآئِطِ,l-ghāiṭi,رفع حاجت
6,5:8,10,يَجْرِمَنَّكُمْ,yajrimannakum,آمادہ کرے تم کو
6,5:8,15,تَعْدِلُوا۟ ۚ,taʿdilū,تم عدل کرو
6,5:12,9,ٱثْنَىْ,ith'nay,بارہ
6,5:12,10,عَشَرَ,ʿashara,(بارہ)
6,5:12,23,وَعَزَّرْتُمُوهُمْ,waʿazzartumūhum,اور مدد کی تم نے ان کی
6,5:12,43,ضَلَّ,ḍalla,بھٹک گیا
6,5:13,3,مِّيثَـٰقَهُمْ,mīthāqahum,اپنے عہد کو
6,5:13,9,ٱلْكَلِمَ,l-kalima,کلام کو
6,5:13,11,مَّوَاضِعِهِۦ ۙ,mawāḍiʿihi,اس کی جگہوں
6,5:14,23,بِمَا,bimā,اس کے بارے میں جو
6,5:15,11,تُخْفُونَ,tukh'fūna,تم چھپاتے
6,5:16,11,ٱلظُّلُمَـٰتِ,l-ẓulumāti,اندھیروں
6,5:16,15,وَيَهْدِيهِمْ,wayahdīhim,اور ہدایت دیتا ہے ان کو
6,5:17,10,مَرْيَمَ ۚ,maryama,مریم ہے
6,5:19,10,مِّنَ,mina,سے
6,5:19,16,مِنۢ,min,کوئی
6,5:21,14,خَـٰسِرِينَ,khāsirīna,خسارہ پانے والے ہو کر
6,5:22,7,وَإِنَّا,wa-innā,اور بیشک ہم
6,5:24,7,مَّا,mā,جب تک
6,5:24,8,دَامُوا۟,dāmū,وہ رہیں
6,5:27,16,ٱلْـَٔاخَرِ,l-ākhari,دوسرے
6,5:27,20,إِنَّمَا,innamā,بیشک صرف
6,5:31,4,يَبْحَثُ,yabḥathu,جو کھودتا تھا
6,5:31,6,ٱلْأَرْضِ,l-arḍi,زمین
6,5:32,15,فَسَادٍۢ,fasādin,فساد کے
6,5:33,1,إِنَّمَا,innamā,بیشک صرف
6,5:33,22,يُنفَوْا۟,yunfaw,وہ نکال دیے جائیں
6,5:34,5,قَبْلِ,qabli,پہلے
6,5:36,16,عَذَابِ,ʿadhābi,عذاب
6,5:41,10,ٱلَّذِينَ,alladhīna,ان لوگوں میں
6,5:41,41,وَمَن,waman,اور جس
6,5:41,54,يُرِدِ,yuridi,ارادہ کیا
6,5:41,55,ٱللَّهُ,l-lahu,اللہ نے
6,5:41,65,ٱلْـَٔاخِرَةِ,l-ākhirati,آخرت
6,5:42,18,وَإِنْ,wa-in,اور اگر تم
6,5:44,1,إِنَّآ,innā,بیشک ہم
6,5:44,14,وَٱلرَّبَّـٰنِيُّونَ,wal-rabāniyūna,اور ربانی
6,5:46,3,ءَاثَـٰرِهِم,āthārihim,ان کے نقش قدم کے
6,5:49,22,أَنَّمَا,annamā,بیشک صرف
6,5:49,32,ٱلنَّاسِ,l-nāsi,لوگوں میں
6,5:50,7,ٱللَّهِ,l-lahi,اللہ
6,5:51,16,مِنْهُمْ ۗ,min'hum,انہی میں سے ہے
6,5:52,4,قُلُوبِهِم,qulūbihim,جن کے دلوں
6,5:52,13,فَعَسَى,faʿasā,تو امید ہے
6,5:52,21,عِندِهِۦ,ʿindihi,اپنے پاس
6,5:52,27,أَنفُسِهِمْ,anfusihim,اپنے نفسوں
6,5:54,8,دِينِهِۦ,dīnihi,اپنے دین
6,5:54,15,أَذِلَّةٍ,adhillatin,نرم۔ متواضع
6,5:54,17,ٱلْمُؤْمِنِينَ,l-mu'minīna,مومنوں
6,5:54,20,ٱلْكَـٰفِرِينَ,l-kāfirīna,کافروں
6,5:54,28,لَآئِمٍۢ ۚ,lāimin,ملامت کرنے والے کی
6,5:55,1,إِنَّمَا,innamā,بیشک صرف
6,5:57,12,ٱلَّذِينَ,alladhīna,ان لوگوں میں
6,5:59,5,تَنقِمُونَ,tanqimūna,تم ناراض ہوتے ہو
6,5:59,17,قَبْلُ,qablu,پہلے
6,5:60,4,بِشَرٍّۢ,bisharrin,بدتر کے بارے میں
6,5:62,7,وَٱلْعُدْوَٰنِ,wal-ʿud'wāni,اور زیادتی
6,5:63,7,ٱلْإِثْمَ,l-ith'ma,گناہ کی
6,5:63,12,كَانُوا۟,kānū,تھے وہ
6,5:64,17,وَلَيَزِيدَنَّ,walayazīdanna,اور البتہ ضرور بڑھا دے گا
6,5:64,24,رَّبِّكَ,rabbika,تیرے رب کی طرف
6,5:64,42,ٱلْأَرْضِ,l-arḍi,زمین
6,5:64,43,فَسَادًۭا ۚ,fasādan,فساد کے لیے
6,5:65,11,جَنَّـٰتِ,jannāti,باغات میں
6,5:65,12,ٱلنَّعِيمِ,l-naʿīmi,نعمتوں بھرے
6,5:66,10,رَّبِّهِمْ,rabbihim,ان کے رب کی طرف
6,5:66,13,فَوْقِهِمْ,fawqihim,اپنے اوپر
6,5:66,15,تَحْتِ,taḥti,نیچے
6,5:66,16,أَرْجُلِهِم ۚ,arjulihim,اپنے پاؤں کے
6,5:67,8,رَّبِّكَ ۖ,rabbika,آپ کے رب کی طرف
6,5:67,18,ٱلنَّاسِ ۗ,l-nāsi,لوگوں
6,5:68,15,رَّبِّكُمْ ۗ,rabbikum,تمہارے رب کی طرف
6,5:68,23,رَّبِّكَ,rabbika,آپ کے رب کی طرف
6,5:75,10,قَبْلِهِ,qablihi,پہلے اس کے
6,5:76,5,ٱللَّهِ,l-lahi,اللہ کے
6,5:76,8,يَمْلِكُ,yamliku,اختیار رکھتا
6,5:77,7,دِينِكُمْ,dīnikum,اپنے دین
6,5:77,17,قَبْلُ,qablu,پہلے
6,5:78,6,إِسْرَٰٓءِيلَ,is'rāīla,اسرائیل میں
6,5:79,5,مُّنكَرٍۢ,munkarin,برائی
6,5:79,7,لَبِئْسَ,labi'sa,البتہ کتنا برا ہے
6,5:80,17,ٱلْعَذَابِ,l-ʿadhābi,عذاب
7,5:83,9,تَفِيضُ,tafīḍu,بہہ پڑتی ہیں
7,5:89,16,مِنْ,min,سے
7,5:89,18,مَا,mā,اس کے
7,5:89,22,كِسْوَتُهُمْ,kis'watuhum,کپڑے پہنانا ان کو
7,5:89,36,حَلَفْتُمْ ۚ,ḥalaftum,قسم کھاؤ
7,5:90,4,إِنَّمَا,innamā,بیشک صرف
7,5:90,7,وَٱلْأَنصَابُ,wal-anṣābu,اور بت/آستانے
7,5:90,8,وَٱلْأَزْلَـٰمُ,wal-azlāmu,اور پانسے/تیر
7,5:90,10,مِّنْ,min,سے
7,5:91,1,إِنَّمَا,innamā,بس
7,5:91,3,ٱلشَّيْطَـٰنُ,l-shayṭānu,شیطان
7,5:91,14,ذِكْرِ,dhik'ri,ذکر
7,5:91,20,مُّنتَهُونَ,muntahūna,باز آنے والے/رکنے والے
7,5:92,9,أَنَّمَا,annamā,بس
7,5:92,10,عَلَىٰ,ʿalā,ذمہ
7,5:92,12,ٱلْبَلَـٰغُ,l-balāghu,پہنچا دینا ہے
7,5:94,18,ٱعْتَدَىٰ,iʿ'tadā,زیادتی کرے
7,5:96,13,مَا,mā,جب تک
7,5:96,14,دُمْتُمْ,dum'tum,تم رہو
7,5:97,19,ٱلسَّمَـٰوَٰتِ,l-samāwāti,آسمانوں
7,5:97,26,شَىْءٍ,shayin,چیز کو
7,5:101,20,عَفَا,ʿafā,معاف کردیا
7,5:101,25,حَلِيمٌۭ,ḥalīmun,بردبار ہے
7,5:102,5,قَبْلِكُمْ,qablikum,پہلے تمہارے
7,5:103,2,جَعَلَ,jaʿala,بنایا/مقرر کیا
7,5:103,4,مِنۢ,min,کوئی
7,5:103,5,بَحِيرَةٍۢ,baḥīratin,بحیرہ
7,5:104,6,مَآ,mā,اس کے جو
7,5:104,7,أَنزَلَ,anzala,نازل کیا
7,5:105,5,أَنفُسَكُمْ ۖ,anfusakum,اپنی جانوں کی فکر
7,5:106,38,بِهِۦ,bihi,اس کو
7,5:106,41,كَانَ,kāna,ہو
7,5:107,8,يَقُومَانِ,yaqūmāni,دونوں کھڑے ہوں
7,5:110,20,وَكَهْلًۭا ۖ,wakahlan,اور ادھیڑ عمر میں
7,5:110,32,ٱلطَّيْرِ,l-ṭayri,پرندے کی
7,5:110,33,بِإِذْنِى,bi-idh'nī,ساتھ میرے اذن کے
7,5:110,45,ٱلْمَوْتَىٰ,l-mawtā,مردوں کو
7,5:112,14,مِّنَ,mina,سے
7,5:116,3,ٱللَّهُ,l-lahu,اللہ
7,5:116,16,قَالَ,qāla,وہ کہیں گے
7,5:116,17,سُبْحَـٰنَكَ,sub'ḥānaka,تُو پاک ہے
7,5:116,18,مَا,mā,نہیں
7,5:116,19,يَكُونُ,yakūnu,ہے
7,5:117,11,رَبِّى,rabbī,جو میرا رب ہے
7,5:117,12,وَرَبَّكُمْ ۚ,warabbakum,اور تمہارا رب ہے
7,5:117,16,مَّا,mā,جب تک
7,5:117,17,دُمْتُ,dum'tu,میں رہا
7,5:117,23,ٱلرَّقِيبَ,l-raqība,نگران
7,5:118,7,لَهُمْ,lahum,ان کے لیے
7,5:118,8,فَإِنَّكَ,fa-innaka,تو بیشک تو
7,6:1,14,يَعْدِلُونَ,yaʿdilūna,برابر ٹھہراتے ہیں
7,6:6,3,كَمْ,kam,کتنی ہی
7,6:6,6,قَبْلِهِم,qablihim,پہلے ان کے
7,6:7,7,فَلَمَسُوهُ,falamasūhu,پھر وہ چھو لیتے اس کو
7,6:9,4,لَّجَعَلْنَـٰهُ,lajaʿalnāhu,البتہ ہم بناتے اس کو
7,6:12,15,يَوْمِ,yawmi,دن
7,6:13,4,فِى,fī,میں
7,6:13,5,ٱلَّيْلِ,al-layli,رات
7,6:13,6,وَٱلنَّهَارِ ۚ,wal-nahāri,اور دن
7,6:15,8,يَوْمٍ,yawmin,دن کے
7,6:15,9,عَظِيمٍۢ,ʿaẓīmin,بڑے
7,6:19,30,إِنَّمَا,innamā,بس
7,6:21,8,أَوْ,aw,یا
7,6:22,7,أَشْرَكُوٓا۟,ashrakū,جنہوں نے شرک کیا
7,6:24,4,عَلَىٰٓ,ʿalā,پر
7,6:24,5,أَنفُسِهِمْ ۚ,anfusihim,اپنے نفسوں
7,6:25,9,أَن,an,کہ (نہ)
7,6:27,8,يَـٰلَيْتَنَا,yālaytanā,اے کاش ہم
7,6:30,19,تَكْفُرُونَ,takfurūna,تم کفر کرتے
7,6:31,5,بِلِقَآءِ,biliqāi,ملاقات کو
7,6:36,1,۞ إِنَّمَا,innamā,صرف
7,6:38,2,مِن,min,کوئی
7,6:38,3,دَآبَّةٍۢ,dābbatin,جان دار
7,6:39,6,فِى,fī,میں
7,6:39,7,ٱلظُّلُمَـٰتِ ۗ,l-ẓulumāti,اندھیروں
7,6:42,6,قَبْلِكَ,qablika,پہلے آپ کے
7,6:50,16,إِنْ,in,نہیں
7,6:52,2,تَطْرُدِ,taṭrudi,تم دھتکارو
7,6:58,9,ٱلْأَمْرُ,l-amru,معاملے کا
7,6:59,12,وَٱلْبَحْرِ ۚ,wal-baḥri,اور سمندر
7,6:59,30,كِتَـٰبٍۢ,kitābin,کتاب ہے
7,6:61,13,تَوَفَّتْهُ,tawaffathu,فوت کرتے ہیں اس کو
7,6:62,9,ٱلْحُكْمُ,l-ḥuk'mu,فیصلہ
7,6:63,5,ظُلُمَـٰتِ,ẓulumāti,اندھیروں
7,6:63,10,وَخُفْيَةًۭ,wakhuf'yatan,اور چپکے چپکے
7,6:69,9,وَلَـٰكِن,walākin,اور لیکن
7,6:70,22,وَلِىٌّۭ,waliyyun,کوئی حمایتی
7,6:74,4,لِأَبِيهِ,li-abīhi,اپنے باپ
7,6:75,7,وَلِيَكُونَ,waliyakūna,اور تاکہ وہ ہوجائے
7,6:76,2,جَنَّ,janna,چھا گئی
7,6:79,1,إِنِّى,innī,بیشک میں
7,6:80,4,أَتُحَـٰٓجُّوٓنِّى,atuḥājjūnnī,کیا تم جھگڑتے ہو مجھ سے
7,6:80,16,يَشَآءَ,yashāa,چاہے
7,6:80,19,وَسِعَ,wasiʿa,احاطہ کیے ہوئے ہے
7,6:86,2,وَٱلْيَسَعَ,wal-yasaʿa,اور الیسع
7,6:89,6,وَٱلنُّبُوَّةَ ۚ,wal-nubuwata,اور نبوت
7,6:90,5,فَبِهُدَىٰهُمُ,fabihudāhumu,پس ان کی ہدایت کی
7,6:90,6,ٱقْتَدِهْ ۗ,iq'tadih,پیروی کر
7,6:92,17,يُؤْمِنُونَ,yu'minūna,وہ ایمان رکھتے ہیں
7,6:93,26,ٱلظَّـٰلِمُونَ,l-ẓālimūna,ظالم لوگ
7,6:93,41,تَقُولُونَ,taqūlūna,تم کہتے
7,6:95,5,وَٱلنَّوَىٰ ۖ,wal-nawā,اور گھٹلی
7,6:96,11,ٱلْعَزِيزِ,l-ʿazīzi,زبردست
7,6:99,5,ٱلسَّمَآءِ,l-samāi,آسمان
7,6:99,9,نَبَاتَ,nabāta,پیداوار
7,6:99,40,فِى,fī,میں
7,6:99,41,ذَٰلِكُمْ,dhālikum,اس
7,6:99,42,لَـَٔايَـٰتٍۢ,laāyātin,البتہ نشانیاں ہیں
7,6:100,4,ٱلْجِنَّ,l-jina,جنوں کو
7,6:101,1,بَدِيعُ,badīʿu,موجد ہے
7,6:106,5,مِن,min,سے
7,6:109,5,لَئِن,la-in,البتہ اگر
7,6:109,11,إِنَّمَا,innamā,صرف
8,6:112,3,لِكُلِّ,likulli,ہر کے لئے
8,6:112,13,زُخْرُفَ,zukh'rufa,ملمع شدہ / چکنی چپڑی
8,6:113,6,يُؤْمِنُونَ,yu'minūna,جو ایمان لاتے
8,6:114,18,رَّبِّكَ,rabbika,تیرے رب کی طرف
8,6:114,23,ٱلْمُمْتَرِينَ,l-mum'tarīna,شک کرنے والوں میں
8,6:116,6,ٱلْأَرْضِ,l-arḍi,زمین ہیں
8,6:117,8,سَبِيلِهِۦ ۖ,sabīlihi,اس کے راستے
8,6:118,6,عَلَيْهِ,ʿalayhi,اس پر
8,6:120,9,سَيُجْزَوْنَ,sayuj'zawna,عنقریب وہ بدلہ دیئے جائیں گے
8,6:122,8,يَمْشِى,yamshī,وہ چلتا ہے
8,6:122,12,كَمَن,kaman,اس کی طرح جو
8,6:122,13,مَّثَلُهُۥ,mathaluhu,حال اس کا
8,6:122,15,ٱلظُّلُمَـٰتِ,l-ẓulumāti,اندھیروں ہے
8,6:122,23,كَانُوا۟,kānū,تھے وہ
8,6:124,24,ٱللَّهِ,l-lahi,اللہ کے
8,6:125,26,ٱلَّذِينَ,alladhīna,ان لوگوں
8,6:125,28,يُؤْمِنُونَ,yu'minūna,جو ایمان لاتے
8,6:128,5,ٱلْجِنِّ,l-jini,جنوں کے
8,6:128,9,ٱلْإِنسِ ۖ,l-insi,انسانوں
8,6:128,13,ٱلْإِنسِ,l-insi,انسانوں میں
8,6:128,19,أَجَلَنَا,ajalanā,اپنی مدت کو
8,6:130,20,ٱلْحَيَوٰةُ,l-ḥayatu,زندگی نے
8,6:130,21,ٱلدُّنْيَا,l-dun'yā,دنیا کی
8,6:133,4,ٱلرَّحْمَةِ ۚ,l-raḥmati,رحمت
8,6:133,16,ذُرِّيَّةِ,dhurriyyati,نسل
8,6:133,18,ءَاخَرِينَ,ākharīna,دوسری کی
8,6:135,5,مَكَانَتِكُمْ,makānatikum,اپنی جگہ
8,6:136,7,وَٱلْأَنْعَـٰمِ,wal-anʿāmi,اور مویشیوں میں
8,6:136,21,ٱللَّهِ ۖ,l-lahi,اللہ کی
8,6:137,5,ٱلْمُشْرِكِينَ,l-mush'rikīna,مشرکین میں
8,6:138,19,ٱللَّهِ,l-lahi,اللہ کا
8,6:139,4,بُطُونِ,buṭūni,پیٹوں
8,6:139,11,أَزْوَٰجِنَا ۖ,azwājinā,ہماری عورتوں / بیویوں
8,6:140,15,ٱللَّهِ ۚ,l-lahi,اللہ
8,6:141,6,وَغَيْرَ,waghayra,اور نہ
8,6:141,7,مَعْرُوشَـٰتٍۢ,maʿrūshātin,چھتوں پر چڑھائے ہوئے
8,6:141,19,ثَمَرِهِۦٓ,thamarihi,اس کی پیداوار میں
8,6:142,4,وَفَرْشًۭا ۚ,wafarshan,اور چھوٹے قد کے / زمین سے لگے ہوئے
8,6:143,7,ٱلْمَعْزِ,l-maʿzi,بکری میں
8,6:144,1,وَمِنَ,wamina,اور سے
8,6:144,14,عَلَيْهِ,ʿalayhi,اس پر
8,6:144,29,ٱللَّهِ,l-lahi,اللہ
8,6:144,40,ٱلظَّـٰلِمِينَ,l-ẓālimīna,ظالم
8,6:146,7,ظُفُرٍۢ ۖ,ẓufurin,ناخن
8,6:146,9,ٱلْبَقَرِ,l-baqari,گائے میں
8,6:146,10,وَٱلْغَنَمِ,wal-ghanami,اور بکری میں
8,6:146,16,حَمَلَتْ,ḥamalat,اٹھائے ہوئے ہوں
8,6:147,6,رَحْمَةٍۢ,raḥmatin,رحمت
8,6:147,12,ٱلْقَوْمِ,l-qawmi,قوم
8,6:147,13,ٱلْمُجْرِمِينَ,l-muj'rimīna,مجرم
8,6:151,18,إِمْلَـٰقٍۢ ۖ,im'lāqin,تنگدستی کی وجہ
8,6:151,39,وَصَّىٰكُم,waṣṣākum,وصیت کی اس نے تمہیں
8,6:152,8,أَحْسَنُ,aḥsanu,سب سے اچھا ہے
8,6:152,28,وَبِعَهْدِ,wabiʿahdi,اور عہد کو
8,6:152,32,وَصَّىٰكُم,waṣṣākum,وصیت کی اس نے تمہیں
8,6:153,14,وَصَّىٰكُم,waṣṣākum,وصیت کی اس نے تمہیں
8,6:156,12,عَن,ʿan,ان کے
8,6:157,15,رَّبِّكُمْ,rabbikum,تمہارے رب کی طرف
8,6:157,24,وَصَدَفَ,waṣadafa,اور منہ موڑے
8,6:157,30,ءَايَـٰتِنَا,āyātinā,ہماری آیات
8,6:158,32,إِيمَـٰنِهَا,īmānihā,اپنے ایمان
8,6:159,10,شَىْءٍ ۚ,shayin,کسی چیز
8,6:159,11,إِنَّمَآ,innamā,بیشک صرف
8,6:159,14,ٱللَّهِ,l-lahi,اللہ کی ہے
8,6:160,16,يُظْلَمُونَ,yuẓ'lamūna,ظلم کئے جائیں گے
8,6:161,16,ٱلْمُشْرِكِينَ,l-mush'rikīna,جو مشرک ہیں
8,6:163,8,ٱلْمُسْلِمِينَ,l-mus'limīna,فرماں برداروں میں
8,6:164,2,أَغَيْرَ,aghayra,کیا سوا
8,6:164,24,مَّرْجِعُكُمْ,marjiʿukum,لوٹنا ہے تمہارا
8,6:165,13,مَآ,mā,جو
8,7:2,7,صَدْرِكَ,ṣadrika,تیرے سینے
8,7:3,6,رَّبِّكُمْ,rabbikum,تمہارے رب کی طرف
8,7:5,3,دَعْوَىٰهُمْ,daʿwāhum,پکار ان کی
8,7:8,3,ٱلْحَقُّ ۚ,l-ḥaqu,برحق ہے / عین حق ہے
8,7:11,16,ٱلسَّـٰجِدِينَ,l-sājidīna,سجدہ کرنے والوں میں
8,7:12,14,نَّارٍۢ,nārin,آگ
8,7:13,13,ٱلصَّـٰغِرِينَ,l-ṣāghirīna,ذلیل ہونے والوں میں ہے
8,7:14,4,يَوْمِ,yawmi,اس دن
8,7:17,7,خَلْفِهِمْ,khalfihim,اور ان کے پیچھے
8,7:17,9,أَيْمَـٰنِهِمْ,aymānihim,ان کی دائیں جانب
8,7:17,11,شَمَآئِلِهِمْ ۖ,shamāilihim,ان کی بائیں جانب
8,7:18,12,أَجْمَعِينَ,ajmaʿīna,سب
8,7:19,8,حَيْثُ,ḥaythu,جہاں
8,7:19,16,ٱلظَّـٰلِمِينَ,l-ẓālimīna,ظالموں میں
8,7:20,9,مِن,min,سے
8,7:20,25,ٱلْخَـٰلِدِينَ,l-khālidīna,ہمیشہ رہنے والوں میں
8,7:22,21,ٱلشَّجَرَةِ,l-shajarati,درخت
8,7:26,16,ءَايَـٰتِ,āyāti,نشانیوں میں ہے
8,7:27,4,يَفْتِنَنَّكُمُ,yaftinannakumu,ہرگز فتنے میں ڈالے تم کو
8,7:27,10,ٱلْجَنَّةِ,l-janati,جنت
8,7:27,24,إِنَّا,innā,بیشک ہم
8,7:27,26,ٱلشَّيَـٰطِينَ,l-shayāṭīna,شیطانوں کو
8,7:28,19,ٱللَّهِ,l-lahi,اللہ
8,7:29,12,لَهُ,lahu,اس کے لئے
8,7:30,9,ٱلشَّيَـٰطِينَ,l-shayāṭīna,شیطانوں کو
8,7:32,17,ٱلْحَيَوٰةِ,l-ḥayati,زندگی
8,7:33,2,إِنَّمَا,innamā,بیشک صرف
8,7:37,24,كُنتُمْ,kuntum,تھے تم
8,7:38,10,ٱلْجِنِّ,l-jini,جنوں میں
8,7:38,11,وَٱلْإِنسِ,wal-insi,اور انسانوں میں
8,7:38,13,ٱلنَّارِ ۖ,l-nāri,آگ
8,7:38,34,ٱلنَّارِ ۖ,l-nāri,آگ میں
8,7:38,40,تَعْلَمُونَ,taʿlamūna,تم جانتے
8,7:40,19,سَمِّ,sammi,ناکے
8,7:41,6,فَوْقِهِمْ,fawqihim,ان کے اوپر
8,7:43,4,صُدُورِهِم,ṣudūrihim,ان کے سینوں
8,7:43,6,غِلٍّۢ,ghillin,حسد
8,7:43,35,كُنتُمْ,kuntum,جو تھے تم
8,7:44,10,وَعَدَنَا,waʿadanā,وعدہ کیا تھا ہم سے
8,7:44,21,فَأَذَّنَ,fa-adhana,پس پکارے گا
8,7:46,11,ٱلْجَنَّةِ,l-janati,جنت
8,7:50,10,ٱلْمَآءِ,l-māi,پانی
8,7:50,18,حَرَّمَهُمَا,ḥarramahumā,حرام کردیا ان دونوں کو
8,7:51,14,يَوْمِهِمْ,yawmihim,اپنے دن کی
8,7:52,6,عِلْمٍ,ʿil'min,علم کی بنا
8,7:53,12,قَبْلُ,qablu,پہلے
8,7:54,14,ٱلْعَرْشِ,l-ʿarshi,عرش
8,7:54,18,يَطْلُبُهُۥ,yaṭlubuhu,اس کے پیچھے لگی آتی ہے
8,7:56,14,مِّنَ,mina,سے
8,7:56,15,ٱلْمُحْسِنِينَ,l-muḥ'sinīna,احسان کرنے والوں
8,7:57,11,أَقَلَّتْ,aqallat,اٹھالیتی ہیں وہ ہوائیں
8,7:57,14,سُقْنَـٰهُ,suq'nāhu,ہم بھیج دیتے ہیں اس کو / ہانکتے ہیں اس کو
8,7:57,22,مِن,min,سے
8,7:57,24,ٱلثَّمَرَٰتِ ۚ,l-thamarāti,پھلوں میں
8,7:58,11,إِلَّا,illā,مگر
8,7:58,12,نَكِدًۭا ۚ,nakidan,بےفائدہ چیزیں
8,7:64,1,فَكَذَّبُوهُ,fakadhabūhu,تو انہوں نے جھٹلا دیا اس کو
8,7:67,7,رَسُولٌۭ,rasūlun,پیغمبر ہوں
8,7:69,1,أَوَعَجِبْتُمْ,awaʿajib'tum,کیا بھلا تعجب ہوا تم کو
8,7:69,15,مِنۢ,min,سے
8,7:69,21,ٱلْخَلْقِ,l-khalqi,ساخت
8,7:70,13,تَعِدُنَآ,taʿidunā,تو دھمکی دیتا ہے ہم کو
8,7:73,11,مِّنْ,min,کوئی
8,7:73,12,إِلَـٰهٍ,ilāhin,الٰہ
8,7:73,18,رَّبِّكُمْ ۖ,rabbikum,تمہارے رب کی طرف
8,7:73,27,أَرْضِ,arḍi,زمین
8,7:74,12,مِن,min,سے
8,7:74,13,سُهُولِهَا,suhūlihā,اس کے میدانوں
8,7:75,3,ٱلَّذِينَ,alladhīna,ان لوگوں نے
8,7:75,6,قَوْمِهِۦ,qawmihi,اس کی قوم میں
8,7:75,10,ءَامَنَ,āmana,جو ایمان لائے
8,7:75,17,رَّبِّهِۦ ۚ,rabbihi,اپنے رب کی طرف
8,7:77,11,تَعِدُنَآ,taʿidunā,تو ہمیں دھمکی دیتا ہے
8,7:77,15,ٱلْمُرْسَلِينَ,l-mur'salīna,رسولوں میں
8,7:78,5,دَارِهِمْ,dārihim,اپنے گھروں
8,7:80,13,ٱلْعَـٰلَمِينَ,l-ʿālamīna,جہان والوں میں
8,7:82,10,قَرْيَتِكُمْ ۖ,qaryatikum,اپنی بستی
8,7:83,7,ٱلْغَـٰبِرِينَ,l-ghābirīna,پیچھے رہ جانے والوں میں
8,7:84,6,كَانَ,kāna,ہوا
8,7:85,18,رَّبِّكُمْ ۖ,rabbikum,تمہارے رب کی طرف
8,7:85,23,تَبْخَسُوا۟,tabkhasū,تم کم کر کے دو
8,7:85,29,ٱلْأَرْضِ,l-arḍi,زمین
8,7:86,24,ٱلْمُفْسِدِينَ,l-muf'sidīna,فساد کرنے والوں کا
9,7:89,32,ٱللَّهِ,l-lahi,اللہ ہی
9,7:89,37,وَبَيْنَ,wabayna,اور درمیان
9,7:89,38,قَوْمِنَا,qawminā,ہماری قوم کے
9,7:90,11,إِذًۭا,idhan,تب
9,7:95,18,يَشْعُرُونَ,yashʿurūna,شعور رکھتے تھے
9,7:96,12,وَٱلْأَرْضِ,wal-arḍi,اور زمین
9,7:98,1,أَوَأَمِنَ,awa-amina,یا کیا بھلا بےخوف ہوگئے ہیں
9,7:100,4,يَرِثُونَ,yarithūna,جو وارث ہوتے ہیں
9,7:101,14,بِمَا,bimā,اس پر جو
9,7:101,16,مِن,min,اس سے
9,7:101,17,قَبْلُ ۚ,qablu,پہلے
9,7:103,11,بِهَا ۖ,bihā,ان نشانیوں کے ساتھ
9,7:127,12,وَيَذَرَكَ,wayadharaka,اور وہ چھوڑ دے تجھ کو
9,7:129,19,ٱلْأَرْضِ,l-arḍi,زمین
9,7:130,7,مِّنَ,mina,میں
9,7:130,9,لَعَلَّهُمْ,laʿallahum,شاید کہ وہ
9,7:131,15,إِنَّمَا,innamā,بیشک صرف
9,7:133,5,وَٱلْقُمَّلَ,wal-qumala,اور سرسریاں۔ جوئیں
9,7:138,8,يَعْكُفُونَ,yaʿkufūna,جو جھکے ہوئے تھے۔ جمے بیٹھے تھے
9,7:139,3,مُتَبَّرٌۭ,mutabbarun,برباد ہونے والا ہے
9,7:139,7,وَبَـٰطِلٌۭ,wabāṭilun,اور باطل ہے
9,7:140,2,أَغَيْرَ,aghayra,کیا سوا
9,7:140,6,وَهُوَ,wahuwa,حالانکہ اس نے
9,7:144,3,إِنِّى,innī,بیشک میں
9,7:148,18,يَهْدِيهِمْ,yahdīhim,وہ راہنمائی کرتا ان کی
9,7:150,24,ٱبْنَ,ib'na,اے بیٹے
9,7:151,8,رَحْمَتِكَ ۖ,raḥmatika,اپنی رحمت
9,7:152,11,ٱلْحَيَوٰةِ,l-ḥayati,زندگی
9,7:155,33,تَشَآءُ ۖ,tashāu,تو چاہتا ہے
9,7:156,9,إِنَّا,innā,بیشک ہم
9,7:156,22,فَسَأَكْتُبُهَا,fasa-aktubuhā,پس عنقریب میں لکھ دوں گا اسے
9,7:157,12,وَٱلْإِنجِيلِ,wal-injīli,اور انجیل
9,7:159,1,وَمِن,wamin,اور میں سے
9,7:160,2,ٱثْنَتَىْ,ith'natay,دو
9,7:160,18,ٱثْنَتَا,ith'natā,دو
9,7:163,11,ٱلسَّبْتِ,l-sabti,سبت کے
9,7:163,15,يَوْمَ,yawma,کے دن
9,7:163,20,يَسْبِتُونَ ۙ,yasbitūna,وہ سبت مناتے
9,7:169,22,مِّيثَـٰقُ,mīthāqu,پکا عہد
9,7:169,23,ٱلْكِتَـٰبِ,l-kitābi,کتاب کا
9,7:169,39,أَفَلَا,afalā,کیا بھلا نہیں
9,7:172,4,مِنۢ,min,سے
9,7:172,6,ءَادَمَ,ādama,آدم
9,7:173,3,إِنَّمَآ,innamā,بیشک صرف
9,7:173,11,بَعْدِهِمْ ۖ,baʿdihim,ان کے بعد
9,7:179,7,وَٱلْإِنسِ ۖ,wal-insi,اور انسانوں
9,7:183,1,وَأُمْلِى,wa-um'lī,اور میں مہلت دے رہا ہوں۔ میں ڈھیل دے رہا ہوں
9,7:184,5,مِّن,min,کوئی
9,7:184,6,جِنَّةٍ ۚ,jinnatin,جنون
9,7:185,4,مَلَكُوتِ,malakūti,بادشاہت
9,7:186,2,يُضْلِلِ,yuḍ'lili,بھٹکا دے
9,7:187,7,إِنَّمَا,innamā,بیشک صرف
9,7:187,29,إِنَّمَا,innamā,بیشک صرف
9,7:188,22,إِنْ,in,نہیں
9,7:197,9,أَنفُسَهُمْ,anfusahum,اپنے نفسوں کی
9,7:197,10,يَنصُرُونَ,yanṣurūna,وہ مدد کرسکتے ہیں
9,7:203,9,إِنَّمَآ,innamā,بیشک صرف
9,7:203,10,أَتَّبِعُ,attabiʿu,میں پیروی کرتا ہوں
9,7:206,3,عِندَ,ʿinda,جو پاس ہیں
9,7:206,4,رَبِّكَ,rabbika,تیرے رب کے
9,7:206,8,عِبَادَتِهِۦ,ʿibādatihi,اس کی عبادت
9,7:206,9,وَيُسَبِّحُونَهُۥ,wayusabbiḥūnahu,اور وہ تسبیح کرتی ہیں اس کی
9,8:1,11,ذَاتَ,dhāta,تعلقات کی
9,8:2,1,إِنَّمَا,innamā,بیشک صرف
9,8:6,11,يَنظُرُونَ,yanẓurūna,دیکھ رہے تھے
9,8:11,2,يُغَشِّيكُمُ,yughashīkumu,طاری کر رہا تھا تم پر
9,8:12,14,ٱلَّذِينَ,alladhīna,ان لوگوں کے
9,8:12,16,ٱلرُّعْبَ,l-ruʿ'ba,رعب کو
9,8:12,21,مِنْهُمْ,min'hum,ان کے
9,8:23,9,لَتَوَلَّوا۟,latawallaw,یقیناً وہ منہ پھیر جاتے
9,8:26,10,يَتَخَطَّفَكُمُ,yatakhaṭṭafakumu,اچک لیں تم کو
9,8:28,2,أَنَّمَآ,annamā,بیشک صرف
9,8:31,7,سَمِعْنَا,samiʿ'nā,ہم نے سن لیا
10,8:41,3,غَنِمْتُم,ghanim'tum,غنیمت حاصل کی تم نے
10,8:41,11,ٱلْقُرْبَىٰ,l-qur'bā,رشتہ داروں
10,8:41,15,ٱلسَّبِيلِ,l-sabīli,مسافروں کے لیے
10,8:41,23,عَبْدِنَا,ʿabdinā,اپنے بندے
10,8:42,7,ٱلْقُصْوَىٰ,l-quṣ'wā,دور والے
10,8:42,15,ٱلْمِيعَـٰدِ ۙ,l-mīʿādi,مقرر وقت کے بارے
10,8:42,22,لِّيَهْلِكَ,liyahlika,تاکہ ہلاک ہو
10,8:42,25,عَنۢ,ʿan,ساتھ
10,8:42,26,بَيِّنَةٍۢ,bayyinatin,دلیل کے
10,8:42,31,بَيِّنَةٍۢ ۗ,bayyinatin,دلیل روشن کے
10,8:43,5,مَنَامِكَ,manāmika,تمہارے خواب
10,8:43,13,ٱلْأَمْرِ,l-amri,معاملے
10,8:44,6,أَعْيُنِكُمْ,aʿyunikum,تمہاری نگاہوں
10,8:44,8,وَيُقَلِّلُكُمْ,wayuqallilukum,اور کم کرکے دکھا رہا تھا تم کو
10,8:44,10,أَعْيُنِهِمْ,aʿyunihim,ان کی نگاہوں
10,8:44,17,ٱللَّهِ,l-lahi,اللہ کی
10,8:47,6,دِيَـٰرِهِم,diyārihim,اپنے گھروں
10,8:47,12,سَبِيلِ,sabīli,راستے
10,8:48,12,ٱلنَّاسِ,l-nāsi,لوگوں میں
10,8:48,14,جَارٌۭ,jārun,حمایتی ہوں
10,8:48,19,نَكَصَ,nakaṣa,الٹے پاؤں پلٹ گیا
10,8:48,21,عَقِبَيْهِ,ʿaqibayhi,اپنی دونوں ایڑیوں
10,8:49,6,قُلُوبِهِم,qulūbihim,جن کے دلوں
10,8:49,14,ٱللَّهِ,l-lahi,اللہ
10,8:50,4,يَتَوَفَّى,yatawaffā,جان قبض کررہے تھے
10,8:55,2,شَرَّ,sharra,بدترین
10,8:55,3,ٱلدَّوَآبِّ,l-dawābi,جانوروں میں
10,8:55,4,عِندَ,ʿinda,نزدیک
10,8:58,4,قَوْمٍ,qawmin,کسی قوم
10,8:58,9,سَوَآءٍ ۚ,sawāin,برابری
10,8:60,6,قُوَّةٍۢ,quwwatin,قوت
10,8:60,8,رِّبَاطِ,ribāṭi,بندھے ہوئے
10,8:60,9,ٱلْخَيْلِ,l-khayli,گھوڑوں
10,8:60,16,مِن,min,سے
10,8:60,27,سَبِيلِ,sabīli,راستے
10,8:60,33,تُظْلَمُونَ,tuẓ'lamūna,ظلم کیے جاؤ گے
10,8:63,8,ٱلْأَرْضِ,l-arḍi,زمین (میں) ہے
10,8:64,8,ٱلْمُؤْمِنِينَ,l-mu'minīna,مومنوں میں
10,8:65,3,حَرِّضِ,ḥarriḍi,ترغیب دیجیے
10,8:65,6,ٱلْقِتَالِ ۚ,l-qitāli,جنگ
10,8:65,21,ٱلَّذِينَ,alladhīna,ان لوگوں میں
10,8:68,4,ٱللَّهِ,l-lahi,اللہ کی طرف
10,8:69,3,غَنِمْتُمْ,ghanim'tum,مال غنیمت حاصل کیا تم نے
10,8:70,6,أَيْدِيكُم,aydīkum,تمہارے ہاتھوں (میں) ہے
10,8:70,8,ٱلْأَسْرَىٰٓ,l-asrā,قیدیوں میں
10,8:70,13,قُلُوبِكُمْ,qulūbikum,تمہارے دلوں
10,8:72,24,مِّن,min,سے
10,8:72,25,وَلَـٰيَتِهِم,walāyatihim,ان کی ولایت میں
10,8:72,33,ٱلدِّينِ,l-dīni,دین کے معاملے
10,8:75,13,أَوْلَىٰ,awlā,زیادہ حق دار ہیں
10,8:75,16,كِتَـٰبِ,kitābi,کتاب (میں)
10,9:1,1,بَرَآءَةٌۭ,barāatun,براءت ہے
10,9:1,5,إِلَى,ilā,طرف
10,9:1,6,ٱلَّذِينَ,alladhīna,ان لوگوں کی
10,9:1,9,ٱلْمُشْرِكِينَ,l-mush'rikīna,مشرکین میں
10,9:3,6,ٱلنَّاسِ,l-nāsi,لوگوں کی
10,9:3,14,ٱلْمُشْرِكِينَ ۙ,l-mush'rikīna,مشرکوں
10,9:3,17,تُبْتُمْ,tub'tum,توبہ کرلو تم
10,9:4,2,ٱلَّذِينَ,alladhīna,ان لوگوں کے
10,9:4,18,مُدَّتِهِمْ ۚ,muddatihim,ان کی مدت
10,9:6,4,ٱلْمُشْرِكِينَ,l-mush'rikīna,مشرکین میں
10,9:6,18,يَعْلَمُونَ,yaʿlamūna,جو علم رکھتے
10,9:7,7,وَعِندَ,waʿinda,اور نزدیک
10,9:7,14,ٱلْحَرَامِ ۖ,l-ḥarāmi,حرام کے
10,9:8,8,إِلًّۭا,illan,قرابت کا
10,9:9,12,كَانُوا۟,kānū,تھے
10,9:9,13,يَعْمَلُونَ,yaʿmalūna,وہ عمل کرتے
10,9:10,4,مُؤْمِنٍ,mu'minin,کسی مومن کے بارے
10,9:16,17,رَسُولِهِۦ,rasūlihi,اس کے رسول کے
10,9:16,19,ٱلْمُؤْمِنِينَ,l-mu'minīna,مومنوں کے (کسی کو)
10,9:16,20,وَلِيجَةًۭ ۚ,walījatan,جگری دوست
10,9:18,1,إِنَّمَا,innamā,بیشک صرف
10,9:18,23,ٱلْمُهْتَدِينَ,l-muh'tadīna,ہدایت پانے والوں میں
10,9:19,14,سَبِيلِ,sabīli,راستے
10,9:21,4,مِّنْهُ,min'hu,اپنی طرف سے
10,9:24,33,ٱلْفَـٰسِقِينَ,l-fāsiqīna,فاسق (لوگوں کو)
10,9:25,5,مَوَاطِنَ,mawāṭina,مواقع
10,9:25,13,تُغْنِ,tugh'ni,کام آئی
10,9:28,4,إِنَّمَا,innamā,بیشک صرف
10,9:28,12,عَامِهِمْ,ʿāmihim,اپنے سال کے
10,9:29,20,ٱلَّذِينَ,alladhīna,ان لوگوں میں
10,9:30,17,كَفَرُوا۟,kafarū,جنہوں نے کفر کیا
10,9:33,10,ٱلدِّينِ,l-dīni,دین
10,9:34,6,مِّنَ,mina,میں سے
10,9:34,7,ٱلْأَحْبَارِ,l-aḥbāri,علماء
10,9:34,8,وَٱلرُّهْبَانِ,wal-ruh'bāni,اور درویشوں
10,9:36,6,ٱثْنَا,ith'nā,بارہ
10,9:36,7,عَشَرَ,ʿashara,(بارہ)
10,9:37,1,إِنَّمَا,innamā,بیشک صرف
10,9:38,13,ٱثَّاقَلْتُمْ,ithāqaltum,تم بوجھ سے جھک گئے
10,9:38,20,ٱلْـَٔاخِرَةِ ۚ,l-ākhirati,آخرت (کے مقابلے میں)
10,9:40,10,ثَانِىَ,thāniya,دوسرا
10,9:40,11,ٱثْنَيْنِ,ith'nayni,دو میں سے
10,9:40,15,ٱلْغَارِ,l-ghāri,غار (تھے)
10,9:40,20,تَحْزَنْ,taḥzan,تم غم کرو
10,9:45,1,إِنَّمَا,innamā,بیشک صرف
10,9:45,13,رَيْبِهِمْ,raybihim,اپنے شک
10,9:48,4,مِن,min,اس سے
10,9:48,5,قَبْلُ,qablu,پہلے
10,9:50,12,مِن,min,اس سے
10,9:50,13,قَبْلُ,qablu,پہلے
10,9:51,12,ٱللَّهِ,l-lahi,اللہ
10,9:52,9,نَتَرَبَّصُ,natarabbaṣu,انتظار کر رہے ہیں
10,9:52,10,بِكُمْ,bikum,تمہارے بارے میں
10,9:52,16,عِندِهِۦٓ,ʿindihi,اپنے پاس
10,9:55,6,إِنَّمَا,innamā,بیشک صرف
10,9:55,12,ٱلْحَيَوٰةِ,l-ḥayati,زندگی
10,9:57,11,يَجْمَحُونَ,yajmaḥūna,سرپٹ دوڑتے ہوئے
10,9:58,14,إِذَا,idhā,تو یکایک
10,9:60,1,۞ إِنَّمَا,innamā,بیشک صرف
10,9:60,10,ٱلرِّقَابِ,l-riqābi,گردنیں چھڑانے
10,9:60,11,وَٱلْغَـٰرِمِينَ,wal-ghārimīna,اور قرض داروں کے لیے
10,9:60,13,سَبِيلِ,sabīli,راستے
10,9:60,19,ٱللَّهِ ۗ,l-lahi,اللہ کی طرف
10,9:61,9,أُذُنُ,udhunu,کان ہے
10,9:61,10,خَيْرٍۢ,khayrin,بھلائی کا
10,9:61,20,وَٱلَّذِينَ,wa-alladhīna,اور وہ لوگ
10,9:65,4,إِنَّمَا,innamā,بیشک صرف
10,9:65,12,كُنتُمْ,kuntum,تھے تم
10,9:67,5,بَعْضٍۢ ۚ,baʿḍin,بعض ہیں
10,9:67,7,بِٱلْمُنكَرِ,bil-munkari,برائی کا
10,9:67,10,ٱلْمَعْرُوفِ,l-maʿrūfi,بھلائی
10,9:69,13,فَٱسْتَمْتَعْتُم,fa-is'tamtaʿtum,پس تم نے فائدہ اٹھایا
10,9:69,19,قَبْلِكُم,qablikum,جو تم (سے) پہلے تھے
10,9:69,28,ٱلدُّنْيَا,l-dun'yā,دنیا
10,9:70,6,قَبْلِهِمْ,qablihim,جو ان (سے) پہلے تھے
10,9:70,8,نُوحٍۢ,nūḥin,نوح کی
10,9:70,14,مَدْيَنَ,madyana,مدین
10,9:70,15,وَٱلْمُؤْتَفِكَـٰتِ ۚ,wal-mu'tafikāti,اور الٹی ہوئی بستیاں
10,9:70,16,أَتَتْهُمْ,atathum,آئے ان کے پاس
10,9:70,20,كَانَ,kāna,تھا
10,9:71,10,ٱلْمُنكَرِ,l-munkari,برائی
10,9:72,7,مِن,min,سے
10,9:74,24,فَضْلِهِۦ ۚ,faḍlihi,اپنے فضل
10,9:74,37,ٱلدُّنْيَا,l-dun'yā,دنیا
10,9:75,8,فَضْلِهِۦ,faḍlihi,اپنے فضل
10,9:75,11,مِنَ,mina,میں سے
10,9:75,12,ٱلصَّـٰلِحِينَ,l-ṣāliḥīna,نیک لوگوں
10,9:76,4,فَضْلِهِۦ,faḍlihi,اپنے فضل
10,9:77,6,يَوْمِ,yawmi,ایک ایسے دن
10,9:77,7,يَلْقَوْنَهُۥ,yalqawnahu,وہ ملیں گے اس سے
10,9:79,3,ٱلْمُطَّوِّعِينَ,l-muṭawiʿīna,خوشی سے دینے والوں پر
10,9:79,4,مِنَ,mina,میں سے
10,9:79,5,ٱلْمُؤْمِنِينَ,l-mu'minīna,مومنوں
10,9:79,7,ٱلصَّدَقَـٰتِ,l-ṣadaqāti,صدقات کے بارے
10,9:79,10,يَجِدُونَ,yajidūna,وہ پاتے
10,9:82,8,يَكْسِبُونَ,yaksibūna,کماتے
10,9:85,5,إِنَّمَا,innamā,بیشک صرف
10,9:85,12,ٱلدُّنْيَا,l-dun'yā,دنیا
10,9:87,5,ٱلْخَوَالِفِ,l-khawālifi,پیچھے رہنے والیوں کے
10,9:87,11,يَفْقَهُونَ,yafqahūna,سمجھتے ہیں
10,9:88,12,وَأُو۟لَـٰٓئِكَ,wa-ulāika,اور یہی لوگ
10,9:89,7,تَحْتِهَا,taḥtihā,ان کے نیچے
10,9:89,11,ذَٰلِكَ,dhālika,یہ
10,9:91,21,ٱلْمُحْسِنِينَ,l-muḥ'sinīna,احسان کرنے والوں (پر)
10,9:92,5,مَآ,mā,بھی
10,9:93,1,۞ إِنَّمَا,innamā,بیشک صرف
10,9:93,4,ٱلَّذِينَ,alladhīna,ان لوگوں (پر) ہے
11,9:98,1,وَمِنَ,wamina,اور میں سے
11,9:98,2,ٱلْأَعْرَابِ,l-aʿrābi,بدوؤں
11,9:99,4,يُؤْمِنُ,yu'minu,ایمان رکھتے ہیں
11,9:99,16,أَلَآ,alā,ہاں ہاں
11,9:99,19,لَّهُمْ ۚ,lahum,ان کے لئے
11,9:99,20,سَيُدْخِلُهُمُ,sayud'khiluhumu,جلد داخل کرے گا ان کو
11,9:99,26,غَفُورٌۭ,ghafūrun,بخشنے والا
11,9:101,11,ٱلنِّفَاقِ,l-nifāqi,منافقت
11,9:102,5,عَمَلًۭا,ʿamalan,عمل
11,9:102,9,عَسَى,ʿasā,امید ہے
11,9:108,11,يَوْمٍ,yawmin,دن
11,9:110,2,يَزَالُ,yazālu,زائل ہوگی
11,9:111,8,بِأَنَّ,bi-anna,اس کے بدلے کہ
11,9:113,8,لِلْمُشْرِكِينَ,lil'mush'rikīna,مشرکین کے لئے
11,9:113,11,أُو۟لِى,ulī,والے
11,9:113,12,قُرْبَىٰ,qur'bā,قرابت
11,9:120,15,يَرْغَبُوا۟,yarghabū,وہ بےپرواہ ہوں۔ منہ موڑیں
11,9:120,18,نَّفْسِهِۦ ۚ,nafsihi,آپ کی ذات (ہٹ کر)
11,9:122,10,فِرْقَةٍۢ,fir'qatin,گروہ
11,9:128,3,رَسُولٌۭ,rasūlun,ایک رسول
11,10:4,22,مِّنْ,min,سے
11,10:7,14,ءَايَـٰتِنَا,āyātinā,ہماری آیات
11,10:12,20,ضُرٍّۢ,ḍurrin,کسی تکلیف کی
11,10:13,4,مِن,min,سے
11,10:13,5,قَبْلِكُمْ,qablikum,پہلے تمہارے
11,10:15,18,مَا,mā,نہیں
11,10:15,19,يَكُونُ,yakūnu,ہے
11,10:18,12,شُفَعَـٰٓؤُنَا,shufaʿāunā,ہمارے سفارشی ہیں
11,10:19,16,فِيهِ,fīhi,اس میں
11,10:20,9,إِنَّمَا,innamā,یقیناً صرف
11,10:21,9,إِذَا,idhā,تو فوراً
11,10:22,12,وَجَرَيْنَ,wajarayna,اور وہ چلتی ہیں
11,10:22,17,بِهَا,bihā,اس سے
11,10:22,38,هَـٰذِهِۦ,hādhihi,اس
11,10:23,12,إِنَّمَا,innamā,یقیناً صرف
11,10:23,22,فَنُنَبِّئُكُم,fanunabbi-ukum,پھر ہم بتائیں گے تم کو
11,10:23,25,تَعْمَلُونَ,taʿmalūna,تم عمل کرتے
11,10:24,1,إِنَّمَا,innamā,یقیناً صرف
11,10:26,2,أَحْسَنُوا۟,aḥsanū,جنہوں نے اچھائی کی
11,10:27,11,مِّنَ,mina,سے
11,10:27,13,مِنْ,min,کوئی
11,10:27,14,عَاصِمٍۢ ۖ,ʿāṣimin,بچانے والا
11,10:27,19,مِّنَ,mina,میں سے
11,10:28,6,لِلَّذِينَ,lilladhīna,ان لوگوں سے
11,10:31,19,ٱلْحَىِّ,l-ḥayi,زندہ
11,10:35,19,يُتَّبَعَ,yuttabaʿa,پیروی کی جائے
11,10:35,25,يُهْدَىٰ ۖ,yuh'dā,راہنمائی کی جائے
11,10:39,14,قَبْلِهِمْ ۖ,qablihim,پہلے ان کے
11,10:45,8,مِّنَ,mina,میں سے
11,10:47,11,لَا,lā,نہ
11,10:47,12,يُظْلَمُونَ,yuẓ'lamūna,ظلم کیے جائیں گے
11,10:50,9,مَّاذَا,mādhā,کیا کچھ
11,10:54,9,لَٱفْتَدَتْ,la-if'tadat,البتہ فدیہ دے دے
11,10:61,1,وَمَا,wamā,اور نہیں
11,10:61,5,وَمَا,wamā,اور نہیں
11,10:61,25,مِن,min,کوئی
11,10:66,4,مَن,man,جو کوئی
11,10:66,7,وَمَن,waman,اور جو کوئی
11,10:66,10,وَمَا,wamā,اور نہیں
11,10:67,11,فِى,fī,میں
11,10:67,12,ذَٰلِكَ,dhālika,اس
11,10:71,1,۞ وَٱتْلُ,wa-ut'lu,اور پڑھ کر سنائیے
11,10:71,13,مَّقَامِى,maqāmī,میرا کھڑا ہونا
11,10:71,18,ٱللَّهِ,l-lahi,اللہ
11,10:74,13,بِمَا,bimā,اس پر جو
11,10:75,7,إِلَىٰ,ilā,کی طرف
11,10:80,8,مَآ,mā,جو
11,10:83,12,وَمَلَإِي۟هِمْ,wamala-ihim,اور ان کے سرداروں سے
11,10:88,4,إِنَّكَ,innaka,بیشک تو
11,10:94,13,قَبْلِكَ ۚ,qablika,پہلے تیرے
11,10:99,8,كُلُّهُمْ,kulluhum,وہ سب
11,10:102,5,أَيَّامِ,ayyāmi,دنوں کے
11,10:103,5,ءَامَنُوا۟ ۚ,āmanū,جو ایمان لائے
11,10:104,14,مِن,min,سے
11,10:104,16,ٱللَّهِ,l-lahi,اللہ کے
11,10:105,5,حَنِيفًۭا,ḥanīfan,یکسو ہوکر
11,10:106,3,مِن,min,سے
11,10:108,11,فَإِنَّمَا,fa-innamā,تو بس
11,10:108,16,فَإِنَّمَا,fa-innamā,تو بس
11,11:1,10,خَبِيرٍ,khabīrin,باخبر
12,11:6,7,عَلَى,ʿalā,ذمے
12,11:6,8,ٱللَّهِ,l-lahi,اللہ کے ہے
12,11:6,15,كِتَـٰبٍۢ,kitābin,ایک کتاب
12,11:12,5,يُوحَىٰٓ,yūḥā,وحی کیا جاتا ہے
12,11:12,20,إِنَّمَآ,innamā,بیشک صرف
12,11:14,5,أَنَّمَآ,annamā,بیشک صرف
12,11:15,14,يُبْخَسُونَ,yub'khasūna,کمی کیے جائیں گے
12,11:16,15,كَانُوا۟,kānū,تھے
12,11:17,4,بَيِّنَةٍۢ,bayyinatin,ایک واضح دلیل کے
12,11:17,5,مِّن,min,سے
12,11:18,23,ٱلظَّـٰلِمِينَ,l-ẓālimīna,ظالموں
12,11:20,3,يَكُونُوا۟,yakūnū,وہ تھے
12,11:27,3,ٱلَّذِينَ,alladhīna,جنہوں نے
12,11:27,4,كَفَرُوا۟,kafarū,کفر کیا
12,11:27,14,ٱتَّبَعَكَ,ittabaʿaka,کہ پیروی کی ہے تمہاری
12,11:29,9,عَلَى,ʿalā,ذمے
12,11:29,10,ٱللَّهِ ۚ,l-lahi,اللہ کے
12,11:30,5,ٱللَّهِ,l-lahi,اللہ
12,11:31,25,بِمَا,bimā,اس کو جو
12,11:31,27,أَنفُسِهِمْ  ۖ,anfusihim,ان کے نفسوں (میں) ہے
12,11:32,6,جِدَٰلَنَا,jidālanā,جھگڑا ہم سے
12,11:32,13,ٱلصَّـٰدِقِينَ,l-ṣādiqīna,سچوں میں
12,11:33,2,إِنَّمَا,innamā,بیشک صرف
12,11:36,8,قَوْمِكَ,qawmika,تیری قوم میں
12,11:36,9,إِلَّا,illā,سوائے
12,11:36,16,كَانُوا۟,kānū,جو وہ
12,11:36,17,يَفْعَلُونَ,yafʿalūna,کرتے تھے
12,11:37,8,ٱلَّذِينَ,alladhīna,ان لوگوں کے بارے
12,11:38,8,قَوْمِهِۦ,qawmihi,اس کی قوم میں
12,11:40,7,قُلْنَا,qul'nā,کہا ہم نے
12,11:40,11,كُلٍّۢ,kullin,ہر چیز
12,11:42,12,مَعْزِلٍۢ,maʿzilin,ایک کنارے
12,11:43,7,ٱلْمَآءِ ۚ,l-māi,پانی
12,11:43,13,أَمْرِ,amri,حکم
12,11:43,23,ٱلْمُغْرَقِينَ,l-mugh'raqīna,وہ غرق ہونے والوں میں
12,11:44,11,وَٱسْتَوَتْ,wa-is'tawat,اور ٹھہر گئی (کشتی)
12,11:44,13,ٱلْجُودِىِّ ۖ,l-jūdiyi,جودی
12,11:45,9,أَهْلِى,ahlī,میرے گھروالوں میں ہے
12,11:46,4,لَيْسَ,laysa,نہیں ہے
12,11:46,6,أَهْلِكَ ۖ,ahlika,تیرے گھروالوں میں
12,11:46,8,عَمَلٌ,ʿamalun,ایک عمل ہے
12,11:46,10,صَـٰلِحٍۢ ۖ,ṣāliḥin,صالح
12,11:46,21,تَكُونَ,takūna,تو ہوجائے
12,11:46,23,ٱلْجَـٰهِلِينَ,l-jāhilīna,جاہلوں میں
12,11:47,9,لَيْسَ,laysa,نہیں
12,11:47,12,عِلْمٌۭ ۖ,ʿil'mun,کوئی علم
12,11:47,19,ٱلْخَـٰسِرِينَ,l-khāsirīna,نقصان اٹھانے والوں میں
12,11:48,8,وَعَلَىٰٓ,waʿalā,اور پر
12,11:48,9,أُمَمٍۢ,umamin,ان جماعتوں
12,11:49,3,أَنۢبَآءِ,anbāi,خبروں میں ہے
12,11:49,5,نُوحِيهَآ,nūḥīhā,ہم وحی کر رہے ہیں ان کو
12,11:49,8,كُنتَ,kunta,تھے آپ
12,11:49,15,هَـٰذَا ۖ,hādhā,اس
12,11:53,11,قَوْلِكَ,qawlika,تیری بات
12,11:54,4,ٱعْتَرَىٰكَ,iʿ'tarāka,یہ کہ آسیب پہنچایا ہے تجھے
12,11:56,4,ٱللَّهِ,l-lahi,اللہ
12,11:57,20,شَىْءٍ,shayin,چیز
12,11:61,17,ٱلْأَرْضِ,l-arḍi,زمین
12,11:63,8,مِّن,min,سے
12,11:63,16,ٱللَّهِ,l-lahi,اللہ
12,11:64,13,تَمَسُّوهَا,tamassūhā,تم چھوؤ اس کو
12,11:66,3,أَمْرُنَا,amrunā,حکم ہمارا
12,11:66,12,خِزْىِ,khiz'yi,رسوائی (سے)
12,11:67,4,ٱلصَّيْحَةُ,l-ṣayḥatu,ایک چنگھاڑ نے۔ دھماکے نے
12,11:72,3,ءَأَلِدُ,a-alidu,کیا میں جنم دوں گی
12,11:73,11,ٱلْبَيْتِ ۚ,l-bayti,گھر
12,11:73,14,مَّجِيدٌۭ,majīdun,بزرگی والا ہے
12,11:74,10,قَوْمِ,qawmi,قوم کے بارے
12,11:76,2,أَعْرِضْ,aʿriḍ,اعراض کر۔ چھوڑ دو
12,11:78,22,ضَيْفِىٓ ۖ,ḍayfī,میرے مہمانوں کے معاملے
12,11:79,7,بَنَاتِكَ,banātika,تیری بیٹیوں
12,11:80,7,أَوْ,aw,یا
12,11:80,8,ءَاوِىٓ,āwī,میں پناہ لے سکتا
12,11:80,10,رُكْنٍۢ,ruk'nin,سہارے کے
12,11:81,12,مِّنَ,mina,سے
12,11:81,13,ٱلَّيْلِ,al-layli,رات
12,11:82,10,مِّن,min,سے
12,11:82,11,سِجِّيلٍۢ,sijjīlin,پکی ہوئی مٹی
12,11:83,7,ٱلظَّـٰلِمِينَ,l-ẓālimīna,ظالموں
12,11:84,20,بِخَيْرٍۢ,bikhayrin,اچھے حال میں۔ ساتھ بھلائی کے
12,11:85,1,وَيَـٰقَوْمِ,wayāqawmi,اور اے میری قوم
12,11:85,11,تَعْثَوْا۟,taʿthaw,فساد کرو
12,11:87,14,أَمْوَٰلِنَا,amwālinā,اپنے مالوں
12,11:88,9,رَّبِّى,rabbī,اپنے رب (کی طرف)
12,11:88,21,عَنْهُ ۚ,ʿanhu,اس سے
12,11:90,4,تُوبُوٓا۟,tūbū,توبہ کرو
12,11:94,17,دِيَـٰرِهِمْ,diyārihim,اپنے گھروں
12,11:98,9,ٱلْمَوْرُودُ,l-mawrūdu,اترنے کی جگہ
12,11:99,3,هَـٰذِهِۦ,hādhihi,اس (دنیا)
12,11:100,3,أَنۢبَآءِ,anbāi,خبروں میں ہے
12,11:100,4,ٱلْقُرَىٰ,l-qurā,بستیوں کی
12,11:101,24,تَتْبِيبٍۢ,tatbībin,ہلاکت کے
12,11:105,2,يَأْتِ,yati,وہ آئے گا
12,11:106,9,وَشَهِيقٌ,washahīqun,اور دھاڑنا
12,11:109,4,مِرْيَةٍۢ,mir'yatin,شک
12,11:109,15,قَبْلُ ۚ,qablu,اس (سے) پہلے
12,11:110,11,رَّبِّكَ,rabbika,تیرے رب (کی طرف)
12,11:110,16,شَكٍّۢ,shakkin,شک
12,11:112,3,أُمِرْتَ,umir'ta,تجھے حکم دیا گیا
12,11:112,5,تَابَ,tāba,توبہ کرچکے۔ پلٹ آئے
12,11:114,7,ٱلَّيْلِ ۚ,al-layli,رات میں
12,11:116,4,ٱلْقُرُونِ,l-qurūni,قوموں میں۔ زمانوں میں
12,11:116,6,قَبْلِكُمْ,qablikum,تم (سے) پہلے
12,11:116,8,بَقِيَّةٍۢ,baqiyyatin,سمجھ۔ بھلائی
12,11:116,11,ٱلْفَسَادِ,l-fasādi,فساد
12,11:116,13,ٱلْأَرْضِ,l-arḍi,زمین
12,11:116,17,أَنجَيْنَا,anjaynā,جن کو نجات دی ہم نے
12,11:117,3,رَبُّكَ,rabbuka,تیرا رب
12,11:119,10,لَأَمْلَأَنَّ,la-amla-anna,البتہ میں ضرور بالضرور بھر دوں گا
12,11:119,13,ٱلْجِنَّةِ,l-jinati,جنوں
12,11:119,14,وَٱلنَّاسِ,wal-nāsi,اور انسانوں
12,11:120,5,أَنۢبَآءِ,anbāi,خبروں میں
12,11:121,7,مَكَانَتِكُمْ,makānatikum,اپنی جگہ
12,12:2,1,إِنَّآ,innā,بیشک ہم
12,12:3,5,ٱلْقَصَصِ,l-qaṣaṣi,بیان۔ قصہ
12,12:3,7,أَوْحَيْنَآ,awḥaynā,وحی کی ہم نے
12,12:3,10,ٱلْقُرْءَانَ,l-qur'āna,قرآن
12,12:4,6,إِنِّى,innī,بیشک میں
12,12:4,7,رَأَيْتُ,ra-aytu,میں نے دیکھا ہے (خواب)
12,12:5,4,تَقْصُصْ,taqṣuṣ,تم بتانا۔ تم بیان کرنا
12,12:5,7,إِخْوَتِكَ,ikh'watika,اپنے بھائیوں
12,12:6,5,مِن,min,سے
12,12:6,6,تَأْوِيلِ,tawīli,تعبیر۔ حقیقت
12,12:6,7,ٱلْأَحَادِيثِ,l-aḥādīthi,باتوں کی
12,12:6,13,يَعْقُوبَ,yaʿqūba,یعقوب
12,12:6,17,أَبَوَيْكَ,abawayka,تیرے دو باپوں
12,12:7,5,وَإِخْوَتِهِۦٓ,wa-ikh'watihi,اور اس کے بھائیوں
12,12:8,14,ضَلَـٰلٍۢ,ḍalālin,بھول ہیں
12,12:10,10,ٱلْجُبِّ,l-jubi,کنوئیں کے
12,12:13,3,لَيَحْزُنُنِىٓ,layaḥzununī,البتہ غمگین کرتی ہے مجھے (یہ بات)
12,12:14,3,أَكَلَهُ,akalahu,کھا گیا اس کو
12,12:15,4,وَأَجْمَعُوٓا۟,wa-ajmaʿū,اور انہوں نے طے کرلیا
12,12:15,9,ٱلْجُبِّ ۚ,l-jubi,کنوئیں
12,12:20,9,ٱلزَّٰهِدِينَ,l-zāhidīna,بےرغبت لوگوں میں
12,12:21,5,مِّصْرَ,miṣ'ra,مصر
12,12:21,19,ٱلْأَرْضِ,l-arḍi,زمین
12,12:21,22,تَأْوِيلِ,tawīli,تعبیر
12,12:21,23,ٱلْأَحَادِيثِ ۚ,l-aḥādīthi,باتوں کی
12,12:21,27,أَمْرِهِۦ,amrihi,اپنے فیصلے۔ اپنے کام
12,12:23,5,بَيْتِهَا,baytihā,جس کے گھر تھے
12,12:23,7,نَّفْسِهِۦ,nafsihi,اس کے نفس
12,12:25,6,دُبُرٍۢ,duburin,پچھلی طرف
12,12:25,22,عَذَابٌ,ʿadhābun,عذاب
12,12:26,3,رَٰوَدَتْنِى,rāwadatnī,پھسلانا چاہتی تھی مجھ کو
12,12:26,9,أَهْلِهَآ,ahlihā,اس کے گھروالوں میں
12,12:26,15,قُبُلٍۢ,qubulin,سامنے
12,12:26,19,ٱلْكَـٰذِبِينَ,l-kādhibīna,جھوٹوں میں ہے
12,12:27,10,ٱلصَّـٰدِقِينَ,l-ṣādiqīna,سچوں میں ہے
12,12:28,6,دُبُرٍۢ,duburin,پچھلی طرف
12,12:28,10,كَيْدِكُنَّ ۖ,kaydikunna,تم عورتوں کی چال میں ہے
12,12:29,8,كُنتِ,kunti,تھی تو
12,12:29,10,ٱلْخَاطِـِٔينَ,l-khāṭiīna,خطا کاروں میں
12,12:30,8,فَتَىٰهَا,fatāhā,اپنے غلام کو
12,12:30,10,نَّفْسِهِۦ ۖ,nafsihi,اس کے نفس
12,12:32,9,نَّفْسِهِۦ,nafsihi,اس کے نفس
12,12:32,10,فَٱسْتَعْصَمَ ۖ,fa-is'taʿṣama,تو بچ گیا۔ بچ نکلا
12,12:32,19,ٱلصَّـٰغِرِينَ,l-ṣāghirīna,ذلیل ہونے والوں میں
12,12:33,17,ٱلْجَـٰهِلِينَ,l-jāhilīna,جاہلوں میں
12,12:36,27,ٱلْمُحْسِنِينَ,l-muḥ'sinīna,محسنین میں
12,12:38,16,مِن,min,سے
12,12:38,17,فَضْلِ,faḍli,فضل میں ہے
12,12:38,26,يَشْكُرُونَ,yashkurūna,شکر ادا کرتے
12,12:41,1,يَـٰصَـٰحِبَىِ,yāṣāḥibayi,اے دونوں ساتھیو
12,12:41,8,وَأَمَّا,wa-ammā,اور رہا
12,12:41,14,رَّأْسِهِۦ ۚ,rasihi,اس کے سر
12,12:41,17,ٱلَّذِى,alladhī,وہ
12,12:42,3,ظَنَّ,ẓanna,جس کے بارے میں گمان کیا تھا
12,12:43,18,أَفْتُونِى,aftūnī,جواب دو مجھ کو
12,12:43,20,رُءْيَـٰىَ,ru'yāya,میرے خواب کے بارے
12,12:51,1,قَالَ,qāla,کہا (بادشاہ نے)
12,12:51,8,نَّفْسِهِۦ ۚ,nafsihi,اس کے نفس
12,12:51,26,نَّفْسِهِۦ,nafsihi,اس کے نفس
13,12:55,2,ٱجْعَلْنِى,ij'ʿalnī,مقرر کر دیجئے مجھ کو
13,12:57,6,وَكَانُوا۟,wakānū,اور تھے وہ
13,12:57,7,يَتَّقُونَ,yattaqūna,تقویٰ اختیار کرتے
13,12:58,8,لَهُۥ,lahu,اس کو
13,12:58,9,مُنكِرُونَ,munkirūna,نہ پہچاننے والے تھے
13,12:59,9,أَبِيكُمْ ۚ,abīkum,تمہارے باپ (کی طرف)
13,12:60,1,فَإِن,fa-in,پھر اگر
13,12:60,2,لَّمْ,lam,نہ
13,12:60,3,تَأْتُونِى,tatūnī,تم لائے میرے پاس
13,12:60,4,بِهِۦ,bihi,اس کو
13,12:65,13,بِضَـٰعَتُنَا,biḍāʿatunā,پونجی ہے
13,12:70,7,رَحْلِ,raḥli,سامان (میں)
13,12:72,6,جَآءَ,jāa,جو لائے
13,12:72,11,بِهِۦ,bihi,اس کا
13,12:76,12,كِدْنَا,kid'nā,تدبیر کی ہم نے
13,12:76,16,لِيَأْخُذَ,liyakhudha,کہ لے لے
13,12:76,23,يَشَآءَ,yashāa,چاہے
13,12:77,8,مِن,min,اس سے
13,12:77,16,لَهُمْ ۚ,lahum,ان کے لئے
13,12:80,8,أَلَمْ,alam,کیا نہیں
13,12:81,1,ٱرْجِعُوٓا۟,ir'jiʿū,لوٹ جاؤ
13,12:81,15,كُنَّا,kunnā,تھے ہم
13,12:83,9,عَسَى,ʿasā,امید ہے
13,12:86,2,إِنَّمَآ,innamā,بیشک صرف
13,12:88,11,بِبِضَـٰعَةٍۢ,bibiḍāʿatin,پونجی
13,12:90,3,لَأَنتَ,la-anta,البتہ تو ہی
13,12:93,3,هَـٰذَا,hādhā,یہ
13,12:98,4,لَكُمْ,lakum,تمہارے لئے
13,12:99,5,ءَاوَىٰٓ,āwā,اس نے پناہ دی/ بٹھالیا
13,12:100,20,أَحْسَنَ,aḥsana,اس نے احسان کیا
13,12:100,33,نَّزَغَ,nazagha,فساد ڈال دیا
13,12:109,11,ٱلْقُرَىٰٓ ۗ,l-qurā,بستیوں
13,12:111,11,يُفْتَرَىٰ,yuf'tarā,جو گھڑ لی جائے
13,13:1,8,مِن,min,سے
13,13:1,9,رَّبِّكَ,rabbika,آپ کے رب کی طرف
13,13:4,6,مِّنْ,min,سے
13,13:4,11,وَغَيْرُ,waghayru,اور غیر
13,13:4,12,صِنْوَانٍۢ,ṣin'wānin,دوہرے
13,13:4,21,ٱلْأُكُلِ ۚ,l-ukuli,پھلوں
13,13:7,8,مِّن,min,سے
13,13:7,9,رَّبِّهِۦٓ ۗ,rabbihi,اس کے رب کی طرف
13,13:7,10,إِنَّمَآ,innamā,بیشک صرف
13,13:11,6,وَمِنْ,wamin,اور سے
13,13:11,7,خَلْفِهِۦ,khalfihi,اس کے پیچھے
13,13:17,32,وَأَمَّا,wa-ammā,اور جہاں تک
13,13:18,7,يَسْتَجِيبُوا۟,yastajībū,لبیک کہا انہوں نے
13,13:18,8,لَهُۥ,lahu,اس کے لئے
13,13:18,9,لَوْ,law,اگر
13,13:18,21,لَهُمْ,lahum,ان کے لئے
13,13:19,12,إِنَّمَا,innamā,بیشک صرف
13,13:23,1,جَنَّـٰتُ,jannātu,باغات ہیں
13,13:23,2,عَدْنٍۢ,ʿadnin,ہمیشگی کے
13,13:27,1,وَيَقُولُ,wayaqūlu,اور کہتے ہیں
13,13:31,1,وَلَوْ,walaw,اور اگر
13,13:31,31,يَزَالُ,yazālu,چھوٹیں گے (یعنی ہمیشہ)
13,13:31,42,دَارِهِمْ,dārihim,ان کے گھر
13,13:34,11,مِّنَ,mina,سے
13,13:35,7,مِن,min,سے
13,13:35,8,تَحْتِهَا,taḥtihā,اس کے نیچے
13,13:36,8,وَمِنَ,wamina,اور میں سے
13,13:36,9,ٱلْأَحْزَابِ,l-aḥzābi,گروہوں
13,13:36,14,إِنَّمَآ,innamā,بیشک صرف
13,13:38,5,قَبْلِكَ,qablika,آپ (سے) پہلے
13,13:40,2,مَّا,mā,کبھی
13,13:40,6,نَعِدُهُمْ,naʿiduhum,ہم دھمکی دیتے ہیں ان کو
13,13:40,9,فَإِنَّمَا,fa-innamā,تو بیشک صرف
13,13:42,17,عُقْبَى,ʿuq'bā,انجام ہے
13,13:42,18,ٱلدَّارِ,l-dāri,گھر کا
13,14:4,6,بِلِسَانِ,bilisāni,زبان میں
13,14:4,7,قَوْمِهِۦ,qawmihi,اس کی قوم کی
13,14:5,13,بِأَيَّىٰمِ,bi-ayyāmi,ساتھ دنوں کے
13,14:5,14,ٱللَّهِ ۚ,l-lahi,اللہ کے
13,14:6,25,رَّبِّكُمْ,rabbikum,تمہارے رب کی طرف
13,14:9,24,أَفْوَٰهِهِمْ,afwāhihim,اپنے مونہوں
13,14:9,37,مُرِيبٍۢ,murībin,بےچین کرنے والے
13,14:10,5,شَكٌّۭ,shakkun,شک ہے
13,14:10,15,إِلَىٰٓ,ilā,تک
13,14:10,16,أَجَلٍۢ,ajalin,وقت
13,14:10,28,كَانَ,kāna,تھے
13,14:10,29,يَعْبُدُ,yaʿbudu,عبادت کرتے
13,14:11,17,وَمَا,wamā,اور نہیں
13,14:11,18,كَانَ,kāna,ہے
13,14:11,24,بِإِذْنِ,bi-idh'ni,ساتھ اذن کے
13,14:11,26,وَعَلَى,waʿalā,اور پر
13,14:12,14,وَعَلَى,waʿalā,اور پر ہی
13,14:13,1,وَقَالَ,waqāla,اور کہا
13,14:13,2,ٱلَّذِينَ,alladhīna,ان لوگوں نے
13,14:16,1,مِّن,min,سے
13,14:16,2,وَرَآئِهِۦ,warāihi,اس کے آگے
13,14:18,9,ٱلرِّيحُ,l-rīḥu,آندھی
13,14:18,14,يَقْدِرُونَ,yaqdirūna,قدرت رکھیں گے/ قادر ہوسکیں گے
13,14:19,1,أَلَمْ,alam,کیا نہیں
13,14:21,25,لَهَدَيْنَـٰكُمْ ۖ,lahadaynākum,البتہ ہم بھی ہدایت دیتے تم کو
13,14:22,30,بِمُصْرِخِكُمْ,bimuṣ'rikhikum,فریاد رس تمہارے لئے
13,14:22,33,بِمُصْرِخِىَّ ۖ,bimuṣ'rikhiyya,میری فریاد رسی کرنے والے
13,14:24,2,تَرَ,tara,دیکھا نہیں
13,14:27,8,ٱلْحَيَوٰةِ,l-ḥayati,زندگی
13,14:27,10,وَفِى,wafī,اور میں
13,14:28,10,قَوْمَهُمْ,qawmahum,اپنی قوم کو
13,14:28,12,ٱلْبَوَارِ,l-bawāri,ہلاکت کے
13,14:29,2,يَصْلَوْنَهَا ۖ,yaṣlawnahā,جھلسیں گے اس میں
13,14:31,20,وَلَا,walā,اور نہ
13,14:34,5,سَأَلْتُمُوهُ ۚ,sa-altumūhu,مانگا تم نے اس سے
13,14:34,15,كَفَّارٌۭ,kaffārun,بڑا ناشکرا ہے
13,14:37,9,زَرْعٍ,zarʿin,کھیتی
13,14:37,18,مِّنَ,mina,میں سے
13,14:37,25,لَعَلَّهُمْ,laʿallahum,تاکہ وہ
13,14:42,8,إِنَّمَا,innamā,بیشک صرف
13,14:44,21,مِّن,min,اس سے
13,14:44,24,لَكُم,lakum,تمہارے لئے
13,14:46,4,وَعِندَ,waʿinda,اور پاس ہے
13,14:47,2,تَحْسَبَنَّ,taḥsabanna,تم سمجھو
13,14:50,2,مِّن,min,سے
13,14:50,3,قَطِرَانٍۢ,qaṭirānin,تارکول
13,14:50,6,ٱلنَّارُ,l-nāru,آگ
13,14:52,7,أَنَّمَا,annamā,بیشک صرف
14,15:7,8,ٱلصَّـٰدِقِينَ,l-ṣādiqīna,سچوں میں
14,15:9,1,إِنَّا,innā,بیشک ہم
14,15:9,2,نَحْنُ,naḥnu,ہم ہی
14,15:10,4,قَبْلِكَ,qablika,پہلے آپ کے (رسولوں کو)
14,15:10,6,شِيَعِ,shiyaʿi,گروہوں
14,15:12,4,قُلُوبِ,qulūbi,دلوں
14,15:15,1,لَقَالُوٓا۟,laqālū,البتہ وہ کہتے
14,15:15,2,إِنَّمَا,innamā,بیشک صرف
14,15:19,8,مِن,min,سے
14,15:26,5,صَلْصَـٰلٍۢ,ṣalṣālin,کھنکتی مٹی
14,15:26,7,حَمَإٍۢ,ḥama-in,سیاہ گارے۔ کیچڑ
14,15:26,8,مَّسْنُونٍۢ,masnūnin,سڑے ہوئے
14,15:27,4,قَبْلُ,qablu,پہلے
14,15:27,7,ٱلسَّمُومِ,l-samūmi,کی لپٹ
14,15:28,11,حَمَإٍۢ,ḥama-in,سیاہ گارے
14,15:28,12,مَّسْنُونٍۢ,masnūnin,سڑے ہوئے
14,15:32,6,تَكُونَ,takūna,تو ہو
14,15:33,8,صَلْصَـٰلٍۢ,ṣalṣālin,کھنکتی مٹی۔ بجتی مٹی
14,15:33,10,حَمَإٍۢ,ḥama-in,کیچڑ
14,15:37,4,ٱلْمُنظَرِينَ,l-munẓarīna,مہلت دیئے جانے والوں میں ہے
14,15:45,4,جَنَّـٰتٍۢ,jannātin,باغوں (ہوں گے)
14,15:47,4,صُدُورِهِم,ṣudūrihim,ان کے سینوں ہے
14,15:47,6,غِلٍّ,ghillin,بغض
14,15:47,9,سُرُرٍۢ,sururin,تختوں
14,15:48,7,مِّنْهَا,min'hā,وہاں سے
14,15:51,3,ضَيْفِ,ḍayfi,مہمانوں کے
14,15:55,7,ٱلْقَـٰنِطِينَ,l-qāniṭīna,مایوس ہونے والوں میں
14,15:56,5,رَّحْمَةِ,raḥmati,رحمت
14,15:60,5,لَمِنَ,lamina,البتہ سے
14,15:60,6,ٱلْغَـٰبِرِينَ,l-ghābirīna,پیچھے رہنے والوں میں ہے
14,15:65,4,مِّنَ,mina,سے
14,15:65,5,ٱلَّيْلِ,al-layli,رات میں
14,15:67,3,ٱلْمَدِينَةِ,l-madīnati,شہر
14,15:67,4,يَسْتَبْشِرُونَ,yastabshirūna,خوشیاں مناتے ہوئے
14,15:70,5,ٱلْعَـٰلَمِينَ,l-ʿālamīna,سب جہان والوں
14,15:72,3,لَفِى,lafī,البتہ میں
14,15:72,4,سَكْرَتِهِمْ,sakratihim,اپنے نشے
14,15:74,7,مِّن,min,سے
14,15:74,8,سِجِّيلٍ,sijjīlin,پکی ہوئی مٹی
14,15:79,4,لَبِإِمَامٍۢ,labi-imāmin,البتہ راستے پر ہیں
14,15:84,6,يَكْسِبُونَ,yaksibūna,وہ کمائی کرتے
14,15:88,11,تَحْزَنْ,taḥzan,تو غم کر
14,15:94,3,تُؤْمَرُ,tu'maru,تم حکم دیے جاتے ہو
14,15:94,6,ٱلْمُشْرِكِينَ,l-mush'rikīna,مشرکوں
14,15:98,6,ٱلسَّـٰجِدِينَ,l-sājidīna,سجدہ کرنے والوں میں
14,16:2,5,أَمْرِهِۦ,amrihi,اپنے حکم
14,16:2,10,عِبَادِهِۦٓ,ʿibādihi,اپنے بندوں میں
14,16:4,4,نُّطْفَةٍۢ,nuṭ'fatin,ایک نطفے
14,16:7,7,بَـٰلِغِيهِ,bālighīhi,پہنچنے والے اس تک
14,16:10,5,ٱلسَّمَآءِ,l-samāi,آسمان
14,16:11,10,ٱلثَّمَرَٰتِ ۗ,l-thamarāti,پھلوں میں
14,16:12,12,ذَٰلِكَ,dhālika,اس
14,16:13,5,ٱلْأَرْضِ,l-arḍi,زمین
14,16:13,10,ذَٰلِكَ,dhālika,اس
14,16:14,19,فَضْلِهِۦ,faḍlihi,اس کے فضل
14,16:15,3,ٱلْأَرْضِ,l-arḍi,زمین
14,16:15,6,تَمِيدَ,tamīda,(کہیں) ڈگمگا (نہ) جائے
14,16:17,5,يَخْلُقُ ۗ,yakhluqu,پیدا کرتا
14,16:21,3,أَحْيَآءٍۢ ۖ,aḥyāin,زندہ (نہیں) ہیں
14,16:22,6,يُؤْمِنُونَ,yu'minūna,جو ایمان لاتے
14,16:26,10,ٱلْقَوَاعِدِ,l-qawāʿidi,بنیادوں
14,16:30,2,لِلَّذِينَ,lilladhīna,ان لوگوں سے
14,16:35,12,شَىْءٍۢ,shayin,چیز کی
14,16:36,5,أُمَّةٍۢ,ummatin,امت
14,16:36,23,ٱلْأَرْضِ,l-arḍi,زمین
14,16:37,14,نَّـٰصِرِينَ,nāṣirīna,مددگار
14,16:38,18,يَعْلَمُونَ,yaʿlamūna,علم رکھتے
14,16:40,1,إِنَّمَا,innamā,بیشک صرف
14,16:41,11,ٱلدُّنْيَا,l-dun'yā,دنیا
14,16:42,4,رَبِّهِمْ,rabbihim,اپنے رب
14,16:43,4,قَبْلِكَ,qablika,پہلے آپ کے
14,16:45,14,حَيْثُ,ḥaythu,جہاں
14,16:46,2,يَأْخُذَهُمْ,yakhudhahum,پکڑ لے ان کو
14,16:47,2,يَأْخُذَهُمْ,yakhudhahum,پکڑ لے ان کو
14,16:47,3,عَلَىٰ,ʿalā,پر
14,16:48,4,مَا,mā,اس کی جو
14,16:48,5,خَلَقَ,khalaqa,پیدا کیا
14,16:48,7,مِن,min,سے
14,16:48,8,شَىْءٍۢ,shayin,کسی بھی چیز
14,16:48,12,ٱلْيَمِينِ,l-yamīni,دائیں
14,16:49,5,ٱلسَّمَـٰوَٰتِ,l-samāwāti,آسمانوں ہے
14,16:49,6,وَمَا,wamā,اور جو کچھ
14,16:49,8,ٱلْأَرْضِ,l-arḍi,زمین ہے
14,16:51,7,إِنَّمَا,innamā,بیشک صرف
14,16:52,2,مَا,mā,جو کچھ
14,16:52,4,ٱلسَّمَـٰوَٰتِ,l-samāwāti,آسمانوں ہے
14,16:53,5,فَمِنَ,famina,پس طرف سے
14,16:53,6,ٱللَّهِ ۖ,l-lahi,اللہ کی ہے
14,16:59,3,ٱلْقَوْمِ,l-qawmi,قوم
14,16:59,5,سُوٓءِ,sūi,برائی
14,16:59,10,عَلَىٰ,ʿalā,ساتھ
14,16:59,11,هُونٍ,hūnin,ذلت کے
14,16:59,15,ٱلتُّرَابِ ۗ,l-turābi,مٹی
14,16:63,7,قَبْلِكَ,qablika,پہلے آپ کے
14,16:65,10,مَوْتِهَآ ۚ,mawtihā,اس کے مرنے کے۔ اس کی موت کے
14,16:66,9,بُطُونِهِۦ,buṭūnihi,ان کے پیٹوں ہے
14,16:66,10,مِنۢ,min,سے
14,16:67,4,وَٱلْأَعْنَـٰبِ,wal-aʿnābi,اور انگوروں کے
14,16:68,8,ٱلْجِبَالِ,l-jibāli,پہاڑوں میں
14,16:69,5,ٱلثَّمَرَٰتِ,l-thamarāti,پھلوں میں
14,16:69,6,فَٱسْلُكِى,fa-us'lukī,پھر چلتی رہ
14,16:69,7,سُبُلَ,subula,راستوں پر
14,16:69,12,بُطُونِهَا,buṭūnihā,ان کے پیٹوں
14,16:70,10,ٱلْعُمُرِ,l-ʿumuri,عمر کی
14,16:72,5,أَنفُسِكُمْ,anfusikum,تمہارے نفسوں
14,16:72,10,أَزْوَٰجِكُم,azwājikum,تمہاری بیویوں
14,16:72,15,ٱلطَّيِّبَـٰتِ ۚ,l-ṭayibāti,پاکیزہ چیزوں میں
14,16:73,11,ٱلسَّمَـٰوَٰتِ,l-samāwāti,آسمانوں
14,16:76,10,شَىْءٍۢ,shayin,کسی چیز
14,16:76,14,مَوْلَىٰهُ,mawlāhu,اپنے آقا
14,16:76,28,صِرَٰطٍۢ,ṣirāṭin,راستے
14,16:77,18,شَىْءٍۢ,shayin,چیز
14,16:79,7,جَوِّ,jawwi,فضا
14,16:79,15,ذَٰلِكَ,dhālika,اس
14,16:80,5,بُيُوتِكُمْ,buyūtikum,تمہارے گھروں
14,16:80,17,إِقَامَتِكُمْ ۙ,iqāmatikum,اپنی اقامت کے
14,16:80,19,أَصْوَافِهَا,aṣwāfihā,ان کی اون
14,16:80,20,وَأَوْبَارِهَا,wa-awbārihā,اور ان کی پشم
14,16:80,21,وَأَشْعَارِهَآ,wa-ashʿārihā,اور ان کے بالوں
14,16:82,3,فَإِنَّمَا,fa-innamā,تو بیشک صرف
14,16:84,5,أُمَّةٍۢ,ummatin,امت میں
14,16:86,8,هَـٰٓؤُلَآءِ,hāulāi,یہ ہیں
14,16:86,9,شُرَكَآؤُنَا,shurakāunā,ہمارے شریک
14,16:88,5,سَبِيلِ,sabīli,راستے
14,16:89,5,أُمَّةٍۢ,ummatin,امت
14,16:89,8,مِّنْ,min,سے
14,16:89,9,أَنفُسِهِمْ ۖ,anfusihim,ان کے نفسوں میں
14,16:90,11,ٱلْفَحْشَآءِ,l-faḥshāi,بےحیائی
14,16:92,8,قُوَّةٍ,quwwatin,پکا کرنے۔ مضبوطی
14,16:92,12,دَخَلًۢا,dakhalan,فریب کا ذریعہ
14,16:92,20,أُمَّةٍ ۚ,ummatin,دوسرے گروہ
14,16:92,21,إِنَّمَا,innamā,بیشک صرف
14,16:94,4,دَخَلًۢا,dakhalan,فریب کا ذریعہ
14,16:98,8,ٱلرَّجِيمِ,l-rajīmi,مردود
14,16:99,9,رَبِّهِمْ,rabbihim,اپنے رب
14,16:100,1,إِنَّمَا,innamā,بیشک صرف
14,16:100,4,ٱلَّذِينَ,alladhīna,ان لوگوں ہے
14,16:101,11,إِنَّمَآ,innamā,بیشک صرف
14,16:103,5,إِنَّمَا,innamā,بیشک صرف
14,16:103,16,مُّبِينٌ,mubīnun,مبین۔ صاف
14,16:105,1,إِنَّمَا,innamā,بیشک صرف
14,16:106,21,ٱللَّهِ,l-lahi,اللہ کی طرف
14,16:107,3,ٱسْتَحَبُّوا۟,is'taḥabbū,انہوں نے ترجیح دی
14,16:107,7,ٱلْـَٔاخِرَةِ,l-ākhirati,آخرت
14,16:111,6,عَن,ʿan,بارے میں
14,16:111,7,نَّفْسِهَا,nafsihā,اپنے نفس کے
14,16:115,1,إِنَّمَا,innamā,بیشک صرف
14,16:115,7,ٱلْخِنزِيرِ,l-khinzīri,خنزیر کا
14,16:115,9,أُهِلَّ,uhilla,پکارا گیا ہو
14,16:115,16,بَاغٍۢ,bāghin,خواہش مند ہو
14,16:120,11,ٱلْمُشْرِكِينَ,l-mush'rikīna,مشرکین میں
14,16:123,7,إِبْرَٰهِيمَ,ib'rāhīma,ابراہیم کی
14,16:124,1,إِنَّمَا,innamā,بیشک صرف
14,16:124,5,ٱلَّذِينَ,alladhīna,ان لوگوں
14,16:124,6,ٱخْتَلَفُوا۟,ikh'talafū,جنہوں نے اختلاف کیا
14,16:124,16,فِيهِ,fīhi,اس میں
14,16:127,12,ضَيْقٍۢ,ḍayqin,گھٹن۔ تنگی
15,17:1,20,ٱلسَّمِيعُ,l-samīʿu,سننے والا ہے
15,17:3,5,نُوحٍ ۚ,nūḥin,نوح کے
15,17:4,11,وَلَتَعْلُنَّ,walataʿlunna,اور البتہ تم ضرور بلندی پکڑو گے
15,17:5,8,لَّنَآ,lanā,اپنے
15,17:5,9,أُو۟لِى,ulī,والے
15,17:5,10,بَأْسٍۢ,basin,زور
15,17:11,5,بِٱلْخَيْرِ ۖ,bil-khayri,بھلائی کی (طرح)
15,17:12,11,مُبْصِرَةًۭ,mub'ṣiratan,دیکھنے والی/ روشن
15,17:15,3,فَإِنَّمَا,fa-innamā,تو بیشک صرف
15,17:15,8,فَإِنَّمَا,fa-innamā,تو بیشک صرف
15,17:16,13,فَدَمَّرْنَـٰهَا,fadammarnāhā,تو تباہ کردیتے ہیں ہم اس کو
15,17:16,14,تَدْمِيرًۭا,tadmīran,تباہ کرنا
15,17:17,4,ٱلْقُرُونِ,l-qurūni,قوموں
15,17:20,8,وَمَا,wamā,اور نہیں
15,17:20,9,كَانَ,kāna,ہے
15,17:20,12,مَحْظُورًا,maḥẓūran,روکی ہوئی
15,17:21,6,بَعْضٍۢ ۚ,baʿḍin,بعض کے
15,17:23,9,إِمَّا,immā,اگر وہ
15,17:23,19,أُفٍّۢ,uffin,اف
15,17:26,3,ٱلْقُرْبَىٰ,l-qur'bā,قرابت کو
15,17:26,4,حَقَّهُۥ,ḥaqqahu,حق اس کا
15,17:26,6,وَٱبْنَ,wa-ib'na,اور
15,17:26,7,ٱلسَّبِيلِ,l-sabīli,مسافر کو
15,17:26,10,تَبْذِيرًا,tabdhīran,بےجا خرچ کرنا
15,17:28,2,تُعْرِضَنَّ,tuʿ'riḍanna,تم اعراض کرو
15,17:29,10,ٱلْبَسْطِ,l-basṭi,پھیلا دینا
15,17:30,11,خَبِيرًۢا,khabīran,خبر رکھنے والا
15,17:36,12,كُلُّ,kullu,سب
15,17:36,13,أُو۟لَـٰٓئِكَ,ulāika,یہ (اعضاء)
15,17:36,15,عَنْهُ,ʿanhu,اس کے بارے میں
15,17:38,1,كُلُّ,kullu,سب
15,17:39,5,رَبُّكَ,rabbuka,تیرے رب نے
15,17:42,5,ءَالِهَةٌۭ,ālihatun,کچھ معبود
15,17:45,10,بِٱلْـَٔاخِرَةِ,bil-ākhirati,آخرت پر
15,17:46,7,وَفِىٓ,wafī,اور میں
15,17:46,8,ءَاذَانِهِمْ,ādhānihim,ان کے کانوں
15,17:46,18,أَدْبَـٰرِهِمْ,adbārihim,اپنی پیٹھوں
15,17:47,3,بِمَا,bimā,اس کو جو کچھ
15,17:48,8,يَسْتَطِيعُونَ,yastaṭīʿūna,وہ پا سکتے
15,17:48,9,سَبِيلًۭا,sabīlan,کوئی راستہ
15,17:52,4,بِحَمْدِهِۦ,biḥamdihi,ساتھ اس کی حمد کے
15,17:57,12,وَيَخَافُونَ,wayakhāfūna,اور وہ ڈرتے ہیں
15,17:59,10,ٱلْأَوَّلُونَ ۚ,l-awalūna,پہلوں نے
15,17:60,17,ٱلْمَلْعُونَةَ,l-malʿūnata,جس پر لعنت کی گئی
15,17:61,3,لِلْمَلَـٰٓئِكَةِ,lil'malāikati,فرشتوں سے
15,17:62,2,أَرَءَيْتَكَ,ara-aytaka,کیا دیکھا تو نے
15,17:62,14,إِلَّا,illā,مگر/ سوائے
15,17:62,15,قَلِيلًۭا,qalīlan,تھوڑے/ تھوڑوں کے
15,17:69,22,تَبِيعًۭا,tabīʿan,کوئی تابع/ کوئی پیچھا کرنے والا
15,17:70,5,وَحَمَلْنَـٰهُمْ,waḥamalnāhum,اور سوار کیا ہم نے ان کو
15,17:72,8,ٱلْـَٔاخِرَةِ,l-ākhirati,آخرت
15,17:73,1,وَإِن,wa-in,اور بیشک
15,17:73,4,عَنِ,ʿani,سے
15,17:73,5,ٱلَّذِىٓ,alladhī,اس چیز جو
15,17:73,6,أَوْحَيْنَآ,awḥaynā,ہم نے وحی کی
15,17:76,3,لَيَسْتَفِزُّونَكَ,layastafizzūnaka,البتہ اکھاڑ دیں تیرے قدم
15,17:77,10,لِسُنَّتِنَا,lisunnatinā,ہمارے طریقے میں
15,17:77,11,تَحْوِيلًا,taḥwīlan,کوئی تبدیلی
15,17:79,1,وَمِنَ,wamina,اور میں سے
15,17:79,2,ٱلَّيْلِ,al-layli,رات
15,17:80,12,لَّدُنكَ,ladunka,اپنے پاس
15,17:80,13,سُلْطَـٰنًۭا,sul'ṭānan,ایک قوت
15,17:80,14,نَّصِيرًۭا,naṣīran,مددگار
15,17:82,10,يَزِيدُ,yazīdu,زیادہ کرتا
15,17:88,8,يَأْتُوا۟,yatū,وہ لے آئیں
15,17:91,2,تَكُونَ,takūna,ہو جائے
15,17:91,7,وَعِنَبٍۢ,waʿinabin,اور انگوروں
15,17:93,4,بَيْتٌۭ,baytun,ایک گھر
15,17:96,10,خَبِيرًۢا,khabīran,خبر رکھنے والا
15,17:97,6,وَمَن,waman,اور جس کو
15,17:97,12,مِن,min,سے
15,17:97,13,دُونِهِۦ ۖ,dūnihi,اس کے سوا
15,17:97,18,وُجُوهِهِمْ,wujūhihim,ان کے مونہوں
15,17:97,19,عُمْيًۭا,ʿum'yan,اندھے
15,17:97,20,وَبُكْمًۭا,wabuk'man,اور گونگے
15,17:97,21,وَصُمًّۭا ۖ,waṣumman,اور بہرے (بناکر)
15,17:97,22,مَّأْوَىٰهُمْ,mawāhum,ٹھکانہ ان کا
15,17:98,3,بِأَنَّهُمْ,bi-annahum,بوجہ اس کے کہ بیشک وہ
15,17:98,12,لَمَبْعُوثُونَ,lamabʿūthūna,البتہ اٹھائے جائیں گے
15,17:101,16,لَأَظُنُّكَ,la-aẓunnuka,البتہ میں گمان کرتا ہوں تجھ کو
15,17:102,11,بَصَآئِرَ,baṣāira,واضح نشانیاں/ دلائل
15,17:102,13,لَأَظُنُّكَ,la-aẓunnuka,البتہ گمان کرتا ہوں تجھ کو
15,17:104,4,لِبَنِىٓ,libanī,بنی
15,17:104,5,إِسْرَٰٓءِيلَ,is'rāīla,اسرائیل سے
15,17:104,10,وَعْدُ,waʿdu,وعدہ
15,17:104,14,لَفِيفًۭا,lafīfan,جمع کر کے/ لپیٹ کر
15,17:107,14,يُتْلَىٰ,yut'lā,پڑھا جاتا ہے
15,17:107,15,عَلَيْهِمْ,ʿalayhim,ان پر
15,17:110,7,أَيًّۭا,ayyan,جس کو/ جس کے ساتھ
15,17:110,8,مَّا,mā,بھی
15,18:2,12,أَنَّ,anna,کہ بیشک
15,18:4,1,وَيُنذِرَ,wayundhira,اور ڈرائے
15,18:5,8,كَبُرَتْ,kaburat,بہت بڑی ہے
15,18:7,1,إِنَّا,innā,بیشک ہم
15,18:9,2,حَسِبْتَ,ḥasib'ta,تم نے سمجھا
15,18:9,3,أَنَّ,anna,کہ بیشک
15,18:9,4,أَصْحَـٰبَ,aṣḥāba,والے
15,18:9,5,ٱلْكَهْفِ,l-kahfi,کہف/ غار
15,18:9,9,ءَايَـٰتِنَا,āyātinā,ہماری نشانیوں
15,18:15,8,يَأْتُونَ,yatūna,وہ لاتے
15,18:17,8,ذَاتَ,dhāta,جانب
15,18:17,9,ٱلْيَمِينِ,l-yamīni,دائیں
15,18:17,13,ذَاتَ,dhāta,جانب
15,18:17,14,ٱلشِّمَالِ,l-shimāli,بائیں
15,18:18,6,ذَاتَ,dhāta,جانب
15,18:18,7,ٱلْيَمِينِ,l-yamīni,دائیں
15,18:18,8,وَذَاتَ,wadhāta,اور جانب
15,18:18,9,ٱلشِّمَالِ ۖ,l-shimāli,بائیں
15,18:19,1,وَكَذَٰلِكَ,wakadhālika,اور اسی طرح
15,18:19,2,بَعَثْنَـٰهُمْ,baʿathnāhum,اٹھایا ہم نے ان کو
15,18:19,3,لِيَتَسَآءَلُوا۟,liyatasāalū,تاکہ وہ ایک دوسرے سے سوال کریں
15,18:19,6,قَآئِلٌۭ,qāilun,ایک کہنے والے نے
15,18:19,19,بِمَا,bimā,اس کو جو
15,18:19,20,لَبِثْتُمْ,labith'tum,ٹھہرے تم
15,18:20,7,يُعِيدُوكُمْ,yuʿīdūkum,لوٹا لیں گے تم کو
15,18:22,32,مِّنْهُمْ,min'hum,ان میں سے
15,18:23,5,فَاعِلٌۭ,fāʿilun,کرنے والا ہوں
15,18:26,10,أَبْصِرْ,abṣir,کیا خوب دیکھنے والا ہے
15,18:26,11,بِهِۦ,bihi,وہ
15,18:28,25,ذِكْرِنَا,dhik'rinā,اپنے ذکر
15,18:29,11,إِنَّآ,innā,بیشک ہم
15,18:29,15,أَحَاطَ,aḥāṭa,گھیر لیا ہے
15,18:30,4,وَعَمِلُوا۟,waʿamilū,اور انہوں نے عمل کئے
15,18:31,13,مِن,min,سے
15,18:31,20,وَإِسْتَبْرَقٍۢ,wa-is'tabraqin,اور دبیز ریشم
15,18:32,8,مِنْ,min,سے
15,18:35,4,ظَالِمٌۭ,ẓālimun,ظلم کرنے والا تھا
15,18:37,3,صَاحِبُهُۥ,ṣāḥibuhu,اس کے ساتھی نے
15,18:38,1,لَّـٰكِنَّا۠,lākinnā,لیکن میں
15,18:48,9,أَوَّلَ,awwala,پہلی
15,18:48,10,مَرَّةٍۭ ۚ,marratin,بار/ مرتبہ
15,18:48,14,نَّجْعَلَ,najʿala,ہم بنائیں گے
15,18:50,14,أَمْرِ,amri,حکم
15,18:54,9,مَثَلٍۢ ۚ,mathalin,مثال میں
15,18:57,7,فَأَعْرَضَ,fa-aʿraḍa,ذریعے پھر اس نے اعراض برتا
15,18:57,13,إِنَّا,innā,بیشک ہم
15,18:57,14,جَعَلْنَا,jaʿalnā,بنائے ہم نے
15,18:57,27,فَلَن,falan,تو ہرگز نہ
15,18:58,4,ٱلرَّحْمَةِ ۖ,l-raḥmati,رحمت
15,18:58,9,لَعَجَّلَ,laʿajjala,البتہ جلدی بھیج دیتا
15,18:58,19,مَوْئِلًۭا,mawilan,پناہ کی جگہ
15,18:60,6,أَبْرَحُ,abraḥu,میں پلٹوں گا/ میں پھروں گا
15,18:62,8,لَقِينَا,laqīnā,پائی ہم نے
15,18:62,10,سَفَرِنَا,safarinā,اپنے سفر
15,18:62,11,هَـٰذَا,hādhā,اس
15,18:62,12,نَصَبًۭا,naṣaban,تھکاوٹ
15,18:63,2,أَرَءَيْتَ,ara-ayta,کیا دیکھا تم نے
15,18:68,7,بِهِۦ,bihi,اس کا
15,18:68,8,خُبْرًۭا,khub'ran,پوری پوری معرفت کے ساتھ/ پوری سمجھ
15,18:71,9,أَخَرَقْتَهَا,akharaqtahā,کیا تم نے پھاڑ دیا اس کو
15,18:71,10,لِتُغْرِقَ,litugh'riqa,تاکہ تم غرق کرو
15,18:73,3,تُؤَاخِذْنِى,tuākhidh'nī,آپ مؤاخذہ کیجئے میرا/ پکڑیے مجھ کو
15,18:73,5,نَسِيتُ,nasītu,میں بھول گیا
16,18:76,4,عَن,ʿan,کے بارے میں
16,18:76,5,شَىْءٍۭ,shayin,کسی چیز
16,18:76,10,بَلَغْتَ,balaghta,تو پہنچ گیا ہے
16,18:80,6,فَخَشِينَآ,fakhashīnā,تو ڈر ہوا ہم کو
16,18:82,7,ٱلْمَدِينَةِ,l-madīnati,شہر
16,18:82,24,رَّبِّكَ ۚ,rabbika,تیرے رب کی (طرف)
16,18:82,26,فَعَلْتُهُۥ,faʿaltuhu,میں نے کیا اس کو
16,18:82,28,أَمْرِى ۚ,amrī,اپنے حکم
16,18:83,2,عَن,ʿan,بارے میں
16,18:83,3,ذِى,dhī,ذو
16,18:83,4,ٱلْقَرْنَيْنِ ۖ,l-qarnayni,القرنین کے
16,18:84,1,إِنَّا,innā,بیشک ہم
16,18:84,9,شَىْءٍۢ,shayin,چیز میں
16,18:91,6,خُبْرًۭا,khub'ran,علم کے لحاظ سے
16,18:93,8,دُونِهِمَا,dūnihimā,ان کے اس طرف
16,18:94,3,ٱلْقَرْنَيْنِ,l-qarnayni,ذوالقرنین
16,18:97,2,ٱسْطَـٰعُوٓا۟,is'ṭāʿū,وہ طاقت رکھتے تھے
16,18:98,10,جَعَلَهُۥ,jaʿalahu,وہ کردے گا اس کو
16,18:102,10,إِنَّآ,innā,بیشک ہم
16,18:102,14,نُزُلًۭا,nuzulan,بطور مہمانی
16,18:103,4,بِٱلْأَخْسَرِينَ,bil-akhsarīna,سب سے زیادہ خسارے والے
16,18:105,10,نُقِيمُ,nuqīmu,ہم قائم کریں گے
16,18:109,3,كَانَ,kāna,ہوجائے
16,18:109,8,لَنَفِدَ,lanafida,البتہ ختم ہوجائے
16,18:110,2,إِنَّمَآ,innamā,بیشک صرف
16,18:110,8,أَنَّمَآ,annamā,بیشک صرف
16,18:110,10,إِلَـٰهٌۭ,ilāhun,الہ ہے
16,19:4,11,أَكُنۢ,akun,رہا میں
16,19:5,12,لَّدُنكَ,ladunka,اپنے پاس
16,19:6,5,يَعْقُوبَ ۖ,yaʿqūba,یعقوب
16,19:11,1,فَخَرَجَ,fakharaja,تو وہ نکلا
16,19:20,10,أَكُ,aku,میں ہوں
16,19:22,1,۞ فَحَمَلَتْهُ,faḥamalathu,تو وہ حاملہ ہوگئی اس سے
16,19:24,3,تَحْتِهَآ,taḥtihā,اس کے نیچے
16,19:25,8,جَنِيًّۭا,janiyyan,تروتازہ۔ چنی ہوئی
16,19:29,9,ٱلْمَهْدِ,l-mahdi,پنگھوڑے
16,19:31,4,مَا,mā,بھی
16,19:35,12,فَإِنَّمَا,fa-innamā,تو بیشک صرف
16,19:37,2,ٱلْأَحْزَابُ,l-aḥzābu,گروہوں نے
16,19:37,3,مِنۢ,min,سے
16,19:37,4,بَيْنِهِمْ ۖ,baynihim,ان کے درمیان
16,19:37,9,مَّشْهَدِ,mashhadi,حاضری۔ دیکھنے
16,19:37,10,يَوْمٍ,yawmin,ایک دن
16,19:38,1,أَسْمِعْ,asmiʿ,کیا خوب سننے والے ہوں گے
16,19:38,10,ضَلَـٰلٍۢ,ḍalālin,گمراہی (میں ہیں)
16,19:39,9,غَفْلَةٍۢ,ghaflatin,غفلت (میں) ہیں
16,19:39,12,يُؤْمِنُونَ,yu'minūna,ایمان لاتے ہیں
16,19:50,4,رَّحْمَتِنَا,raḥmatinā,اپنی رحمت میں
16,19:58,7,ٱلنَّبِيِّـۧنَ,l-nabiyīna,نبیوں میں
16,19:58,11,وَمِمَّنْ,wamimman,اور ان میں سے
16,19:58,17,إِبْرَٰهِيمَ,ib'rāhīma,ابراہیم کی
16,19:60,5,وَعَمِلَ,waʿamila,اور عمل کرے
16,19:61,10,وَعْدُهُۥ,waʿduhu,اس کا وعدہ
16,19:67,4,أَنَّا,annā,کہ بیشک
16,19:69,5,شِيعَةٍ,shīʿatin,گروہ میں
16,19:74,5,قَرْنٍ,qarnin,بستیوں میں۔ امتوں میں
16,19:76,7,ٱلصَّـٰلِحَـٰتُ,l-ṣāliḥātu,نیکیاں
16,19:76,8,خَيْرٌ,khayrun,بہتر ہیں
16,19:77,6,لَأُوتَيَنَّ,laūtayanna,البتہ مجھے ضرور دیا جائے گا
16,19:78,2,ٱلْغَيْبَ,l-ghayba,غیب پر
16,19:80,4,وَيَأْتِينَا,wayatīnā,اور وہ آئے گا ہمارے پاس
16,19:83,3,أَنَّآ,annā,بیشک ہم
16,19:84,4,إِنَّمَا,innamā,بیشک صرف
16,19:93,5,ٱلسَّمَـٰوَٰتِ,l-samāwāti,آسمانوں
16,19:97,1,فَإِنَّمَا,fa-innamā,تو بیشک صرف
16,19:98,13,لَهُمْ,lahum,ان کے لیے
16,20:4,6,ٱلْعُلَى,l-ʿulā,بلند
16,20:6,4,ٱلسَّمَـٰوَٰتِ,l-samāwāti,آسمانوں (میں) ہے
16,20:6,7,ٱلْأَرْضِ,l-arḍi,زمین (میں) ہے
16,20:10,3,نَارًۭا,nāran,ایک آگ
16,20:10,9,نَارًۭا,nāran,ایک آگ
16,20:10,17,ٱلنَّارِ,l-nāri,آگ (پر)
16,20:14,5,إِلَـٰهَ,ilāha,کوئی الہ (برحق)
16,20:16,3,عَنْهَا,ʿanhā,اس سے
16,20:16,6,يُؤْمِنُ,yu'minu,ایمان لاتا
16,20:18,9,غَنَمِى,ghanamī,اپنی بکریوں (پر)
16,20:23,1,لِنُرِيَكَ,linuriyaka,تاکہ ہم دکھائیں تجھے
16,20:23,3,ءَايَـٰتِنَا,āyātinā,اپنی نشانیوں میں
16,20:27,3,مِّن,min,سے
16,20:27,4,لِّسَانِى,lisānī,میری زبان
16,20:29,5,أَهْلِى,ahlī,میرے گھروالوں میں
16,20:37,4,مَرَّةً,marratan,ایک بار
16,20:37,5,أُخْرَىٰٓ,ukh'rā,دوسری
16,20:39,22,عَيْنِىٓ,ʿaynī,میری نگاہ (پر)۔ میری نگرانی میں
16,20:42,8,ذِكْرِى,dhik'rī,میری یاد۔ میرے ذکر
16,20:47,16,رَّبِّكَ ۖ,rabbika,تیرے رب کی طرف
16,20:52,6,كِتَـٰبٍۢ ۖ,kitābin,ایک کتاب (میں) ہے
16,20:53,12,ٱلسَّمَآءِ,l-samāi,آسمان (سے)
16,20:54,9,ٱلنُّهَىٰ,l-nuhā,عقل
16,20:57,3,لِتُخْرِجَنَا,litukh'rijanā,تاکہ تو نکالے ہم کو
16,20:57,5,أَرْضِنَا,arḍinā,ہماری زمین
16,20:63,9,أَرْضِكُم,arḍikum,تمہاری زمین
16,20:69,4,يَمِينِكَ,yamīnika,تمہارے دائیں ہاتھ (میں) ہے
16,20:69,5,تَلْقَفْ,talqaf,نگل جائے گا
16,20:71,20,جُذُوعِ,judhūʿi,تنوں (میں)
16,20:71,23,أَيُّنَآ,ayyunā,کون سا ہم میں سے
16,20:72,3,نُّؤْثِرَكَ,nu'thiraka,ہم ترجیح دیں گے تجھے
16,20:72,8,ٱلْبَيِّنَـٰتِ,l-bayināti,کھلی نشانیوں میں
16,20:72,15,إِنَّمَا,innamā,بیشک صرف
16,20:73,11,ٱلسِّحْرِ ۗ,l-siḥ'ri,جادو
16,20:77,12,ٱلْبَحْرِ,l-baḥri,سمندر (میں)
16,20:79,5,هَدَىٰ,hadā,راستہ دکھایا۔ رہنمائی کی
16,20:80,6,عَدُوِّكُمْ,ʿaduwwikum,تمہارے دشمن
16,20:81,3,طَيِّبَـٰتِ,ṭayyibāti,پاکیزہ چیزوں میں
16,20:81,5,رَزَقْنَـٰكُمْ,razaqnākum,رزق دیا ہم نے تم کو
16,20:83,2,أَعْجَلَكَ,aʿjalaka,جلدی لائی تجھ کو
16,20:83,4,قَوْمِكَ,qawmika,تیری قوم
16,20:84,3,أُو۟لَآءِ,ulāi,یہ
16,20:84,5,أَثَرِى,atharī,میرے نقش قدم (پر) ہیں
16,20:85,2,فَإِنَّا,fa-innā,پس بیشک ہم
16,20:86,4,قَوْمِهِۦ,qawmihi,اپنی قوم کی
16,20:86,14,أَفَطَالَ,afaṭāla,کیا پھر لمبا ہوگیا
16,20:86,24,رَّبِّكُمْ,rabbikum,تمہارے رب کی طرف
16,20:87,10,زِينَةِ,zīnati,زیورات
16,20:88,11,مُوسَىٰ,mūsā,موسیٰ کا
16,20:90,8,إِنَّمَا,innamā,بیشک صرف
16,20:91,3,نَّبْرَحَ,nabraḥa,ہم ٹلیں گے
16,20:96,6,بِهِۦ,bihi,اس کو
16,20:96,10,أَثَرِ,athari,نقش قدم
16,20:96,12,فَنَبَذْتُهَا,fanabadhtuhā,تو میں نے ڈال دیا اس کو۔ پھینک دیا اس کو
16,20:97,6,ٱلْحَيَوٰةِ,l-ḥayati,زندگی (میں) ہے
16,20:97,15,تُخْلَفَهُۥ ۖ,tukh'lafahu,ٹالا جائے گا تجھ سے
16,20:97,27,ٱلْيَمِّ,l-yami,سمندر (میں)
16,20:98,1,إِنَّمَآ,innamā,بیشک صرف
16,20:99,5,أَنۢبَآءِ,anbāi,خبروں میں
16,20:99,12,لَّدُنَّا,ladunnā,اپنے پاس
16,20:108,1,يَوْمَئِذٍۢ,yawma-idhin,اس دن
16,20:110,4,أَيْدِيهِمْ,aydīhim,ان کے
16,20:111,4,ٱلْقَيُّومِ ۖ,l-qayūmi,قیوم
16,20:113,8,ٱلْوَعِيدِ,l-waʿīdi,تنبیہات میں۔ ڈراووں میں
16,20:116,8,إِبْلِيسَ,ib'līsa,ابلیس
16,20:117,11,ٱلْجَنَّةِ,l-janati,جنت
16,20:121,4,لَهُمَا,lahumā,ان دونوں کے لیے
16,20:121,10,وَرَقِ,waraqi,پتوں میں
16,20:126,3,أَتَتْكَ,atatka,آئی تھیں تیرے پاس
16,20:128,6,قَبْلَهُم,qablahum,ان سے پہلے
16,20:128,8,ٱلْقُرُونِ,l-qurūni,قوموں میں
16,20:128,14,ذَٰلِكَ,dhālika,اس (میں)
16,20:131,5,مَا,mā,اس کی جو
16,20:131,6,مَتَّعْنَا,mattaʿnā,فائدہ دیا ہم نے
16,20:133,12,ٱلصُّحُفِ,l-ṣuḥufi,صحیفوں (میں) ہے
16,20:134,3,أَهْلَكْنَـٰهُم,ahlaknāhum,ہلاک کر دیتے ہم ان کو
16,20:134,7,لَقَالُوا۟,laqālū,البتہ وہ کہتے
16,20:135,8,ٱلصِّرَٰطِ,l-ṣirāṭi,راستے
17,21:11,9,قَوْمًا,qawman,قوم کو
17,21:15,1,فَمَا,famā,تو
17,21:15,2,زَالَت,zālat,مسلسل رہی
17,21:17,4,نَّتَّخِذَ,nattakhidha,ہم بنائیں
17,21:18,2,نَقْذِفُ,naqdhifu,ہم پھینکتے ہیں
17,21:19,5,وَٱلْأَرْضِ ۚ,wal-arḍi,اور زمین
17,21:21,7,يُنشِرُونَ,yunshirūna,زندہ کر اٹھاتے ہیں
17,21:22,7,لَفَسَدَتَا ۚ,lafasadatā,البتہ دونوں کا انتظام بگڑ جاتا۔ دونوں بگڑ جاتے
17,21:28,3,بَيْنَ,bayna,سامنے ہے
17,21:28,4,أَيْدِيهِمْ,aydīhim,ان کے
17,21:29,2,يَقُلْ,yaqul,کہے
17,21:29,6,مِّن,min,سے
17,21:29,7,دُونِهِۦ,dūnihi,اس کے سوا
17,21:31,6,تَمِيدَ,tamīda,ہل نہ جائے
17,21:36,14,بِذِكْرِ,bidhik'ri,ذکر کے ساتھ
17,21:36,16,هُمْ,hum,وہ
17,21:42,7,ٱلرَّحْمَـٰنِ ۗ,l-raḥmāni,رحمن
17,21:43,4,تَمْنَعُهُم,tamnaʿuhum,جو بچاتے ہیں ان کو
17,21:43,13,مِّنَّا,minnā,ہماری طرف سے
17,21:44,12,نَأْتِى,natī,ہم آ رہے ہیں
17,21:45,2,إِنَّمَآ,innamā,بیشک صرف
17,21:47,14,مِّنْ,min,سے
17,21:62,2,ءَأَنتَ,a-anta,کیا تم
17,21:63,5,هَـٰذَا,hādhā,یہ
17,21:73,7,فِعْلَ,fiʿ'la,کرنے کی
17,21:73,8,ٱلْخَيْرَٰتِ,l-khayrāti,نیکیوں
17,21:73,15,عَـٰبِدِينَ,ʿābidīna,عبادت گزار
17,21:77,3,ٱلْقَوْمِ,l-qawmi,ان لوگوں
17,21:80,7,بَأْسِكُمْ ۖ,basikum,تمہاری لڑائی
17,21:85,2,وَإِدْرِيسَ,wa-id'rīsa,اور ادریس
17,21:87,9,نَّقْدِرَ,naqdira,ہم قدرت پاسکیں گے۔ ہم قادر ہوں گے
17,21:87,19,سُبْحَـٰنَكَ,sub'ḥānaka,پاک ہے تو
17,21:87,20,إِنِّى,innī,بیشک میں
17,21:87,21,كُنتُ,kuntu,تھا میں
17,21:87,22,مِنَ,mina,میں سے
17,21:88,7,نُـۨجِى,nunjī,ہم بچایا کرتے ہیں۔ نجات دیا کرتے ہیں
17,21:88,8,ٱلْمُؤْمِنِينَ,l-mu'minīna,ایمان والوں کو
17,21:99,1,لَوْ,law,اگر
17,21:99,2,كَانَ,kāna,ہوتے
17,21:99,3,هَـٰٓؤُلَآءِ,hāulāi,یہ
17,21:100,3,زَفِيرٌۭ,zafīrun,کراہنے کی آواز ہوگی۔ چلانے کی آواز ہوگی
17,21:103,5,وَتَتَلَقَّىٰهُمُ,watatalaqqāhumu,اور لینے آئیں گے انہیں
17,21:103,10,كُنتُمْ,kuntum,تھے تم
17,21:103,11,تُوعَدُونَ,tūʿadūna,وعدہ کیے جاتے
17,21:105,12,ٱلصَّـٰلِحُونَ,l-ṣāliḥūna,نیک
17,21:106,2,فِى,fī,میں
17,21:106,3,هَـٰذَا,hādhā,اس
17,21:108,2,إِنَّمَا,innamā,بیشک صرف
17,21:108,5,أَنَّمَآ,annamā,کہ صرف
17,21:111,1,وَإِنْ,wa-in,اور نہیں
17,21:111,2,أَدْرِى,adrī,میں جانتا
17,22:2,10,ذَاتِ,dhāti,والی
17,22:2,11,حَمْلٍ,ḥamlin,حمل
17,22:5,22,مُّخَلَّقَةٍۢ,mukhallaqatin,صورت دی گئی
17,22:5,24,مُخَلَّقَةٍۢ,mukhallaqatin,نقشہ۔ صورت دی گئی
17,22:5,34,مُّسَمًّۭى,musamman,مقرر
17,22:5,68,زَوْجٍۭ,zawjin,قسم کی
17,22:8,1,وَمِنَ,wamina,اور کوئی
17,22:8,2,ٱلنَّاسِ,l-nāsi,لوگوں میں سے
17,22:11,4,يَعْبُدُ,yaʿbudu,عبادت کرتا ہے
17,22:12,5,مَا,mā,جو
17,22:12,6,لَا,lā,نہ
17,22:12,7,يَضُرُّهُۥ,yaḍurruhu,نقصان دے اس کو
17,22:12,10,يَنفَعُهُۥ ۚ,yanfaʿuhu,فائدہ دے اس کو
17,22:12,14,ٱلْبَعِيدُ,l-baʿīdu,دور کی
17,22:15,11,فَلْيَمْدُدْ,falyamdud,پس چاہیے کہ تان لے
17,22:15,19,يُذْهِبَنَّ,yudh'hibanna,لے جائے گا
17,22:19,2,خَصْمَانِ,khaṣmāni,دو فریق ہیں
17,22:20,1,يُصْهَرُ,yuṣ'haru,گلا دیا جائے گا
17,22:23,6,وَعَمِلُوا۟,waʿamilū,اور انہوں نے عمل کیے
17,22:26,2,بَوَّأْنَا,bawwanā,جگہ مقرر کر دی ہم نے
17,22:27,13,فَجٍّ,fajjin,کشادہ راستے
17,22:27,14,عَمِيقٍۢ,ʿamīqin,دور کے
17,22:28,2,مَنَـٰفِعَ,manāfiʿa,فائدوں کو
17,22:28,5,ٱسْمَ,is'ma,نام
17,22:28,8,أَيَّامٍۢ,ayyāmin,دنوں
17,22:30,19,ٱلرِّجْسَ,l-rij'sa,گندگی
17,22:31,13,فَتَخْطَفُهُ,fatakhṭafuhu,تو اچک لیتے ہیں اس کو
17,22:31,14,ٱلطَّيْرُ,l-ṭayru,پرندے
17,22:33,8,مَحِلُّهَآ,maḥilluhā,اس کی جگہ۔ حلال ہونے کی جگہ
17,22:34,3,جَعَلْنَا,jaʿalnā,بنایا ہم نے
17,22:34,4,مَنسَكًۭا,mansakan,قربانی کا طریقہ۔ قربانی کا قاعدہ
17,22:45,12,مُّعَطَّلَةٍۢ,muʿaṭṭalatin,بےکار۔ ناکارہ
17,22:46,16,تَعْمَى,taʿmā,اندھی ہوتیں
17,22:47,11,كَأَلْفِ,ka-alfi,مانند ہے ایک ہزار
17,22:47,12,سَنَةٍۢ,sanatin,سال کے
17,22:49,4,إِنَّمَآ,innamā,بیشک صرف
17,22:51,5,مُعَـٰجِزِينَ,muʿājizīna,عاجز کرنے والے۔ ہرانے والے (ہوکر)
17,22:55,1,وَلَا,walā,اور
17,22:55,2,يَزَالُ,yazālu,ہمیشہ رہیں گے
17,22:65,17,أَن,an,کہ
17,22:65,18,تَقَعَ,taqaʿa,گر نہ پڑے
17,22:65,22,بِإِذْنِهِۦٓ ۗ,bi-idh'nihi,اس کے اذن کے ساتھ
17,22:65,23,إِنَّ,inna,بیشک
17,22:67,6,نَاسِكُوهُ ۖ,nāsikūhu,عبادت کرنے والے ہیں اس کی
17,22:72,8,وُجُوهِ,wujūhi,چہروں
17,22:74,8,لَقَوِىٌّ,laqawiyyun,البتہ قوت والا ہے
17,22:75,6,وَمِنَ,wamina,اور میں سے
17,22:75,7,ٱلنَّاسِ ۚ,l-nāsi,لوگوں
17,22:78,18,هُوَ,huwa,اسی نے
18,23:3,4,ٱللَّغْوِ,l-laghwi,لغو۔ لغو بات
18,23:6,10,مَلُومِينَ,malūmīna,لائق ملامت۔ ملامت کیے جانے والے
18,23:7,3,وَرَآءَ,warāa,علاوہ
18,23:7,4,ذَٰلِكَ,dhālika,اس کے
18,23:7,5,فَأُو۟لَـٰٓئِكَ,fa-ulāika,تو یہی لوگ
18,23:12,5,سُلَـٰلَةٍۢ,sulālatin,ست۔ خلاصہ۔ نچوڑ۔ مغز
18,23:12,6,مِّن,min,سے
18,23:12,7,طِينٍۢ,ṭīnin,مٹی
18,23:13,5,قَرَارٍۢ,qarārin,ایک ٹھکانے
18,23:14,7,مُضْغَةًۭ,muḍ'ghatan,مضغہ۔ گوشت کی بوٹی
18,23:14,11,فَكَسَوْنَا,fakasawnā,پھر پہنایا ہم نے۔ ڈھانکا ہم نے
18,23:17,7,كُنَّا,kunnā,تھے ہم
18,23:19,5,مِّن,min,سے
18,23:19,6,نَّخِيلٍۢ,nakhīlin,کھجوروں
18,23:19,7,وَأَعْنَـٰبٍۢ,wa-aʿnābin,اور انگوروں
18,23:20,7,بِٱلدُّهْنِ,bil-duh'ni,ساتھ چکنائی کے۔ چکنائی لیے ہوئے
18,23:21,9,بُطُونِهَا,buṭūnihā,ان کے پیٹوں (میں) ہے
18,23:22,2,وَعَلَى,waʿalā,اور پر
18,23:24,6,قَوْمِهِۦ,qawmihi,اس کی قوم میں
18,23:26,5,كَذَّبُونِ,kadhabūni,انہوں نے جھٹلایا مجھ کو
18,23:27,27,تُخَـٰطِبْنِى,tukhāṭib'nī,تم مخاطب ہونا مجھ سے۔ بات کرنا مجھ سے
18,23:27,29,ٱلَّذِينَ,alladhīna,ان لوگوں کے معاملے (میں)
18,23:31,5,قَرْنًا,qarnan,ایک قوم کو
18,23:35,1,أَيَعِدُكُمْ,ayaʿidukum,کیا وعدہ کرتا ہے تم سے
18,23:35,4,مِتُّمْ,mittum,مرجاؤ گے تم
18,23:40,2,عَمَّا,ʿammā,بس
18,23:44,5,كُلَّ,kulla,ہر بار
18,23:44,6,مَا,mā,جب
18,23:46,3,وَمَلَإِي۟هِۦ,wamala-ihi,اور اس کے سرداروں کی
18,23:51,5,ٱلطَّيِّبَـٰتِ,l-ṭayibāti,پاکیزہ چیزوں میں
18,23:51,11,عَلِيمٌۭ,ʿalīmun,جاننے والا ہوں
18,23:54,3,غَمْرَتِهِمْ,ghamratihim,اپنی غفلت (مبتلا رہیں)
18,23:55,2,أَنَّمَا,annamā,کہ جو
18,23:55,7,وَبَنِينَ,wabanīna,اور بیٹوں
18,23:56,4,ٱلْخَيْرَٰتِ ۚ,l-khayrāti,بھلائیوں
18,23:57,5,خَشْيَةِ,khashyati,(ڈر) ہیبت
18,23:60,9,رَبِّهِمْ,rabbihim,اپنے رب کی
18,23:63,4,غَمْرَةٍۢ,ghamratin,غفلت (میں) ہیں
18,23:63,9,مِّن,min,سے
18,23:64,3,أَخَذْنَا,akhadhnā,پکڑیں گے ہم
18,23:64,4,مُتْرَفِيهِم,mut'rafīhim,ان کے خوش حال لوگوں کو
18,23:66,8,أَعْقَـٰبِكُمْ,aʿqābikum,اپنی ایڑیوں
18,23:71,15,ذِكْرِهِم,dhik'rihim,اپنے ذکر
18,23:73,5,مُّسْتَقِيمٍۢ,mus'taqīmin,سیدھے
18,23:74,7,ٱلصِّرَٰطِ,l-ṣirāṭi,راستے
18,23:75,7,ضُرٍّۢ,ḍurrin,تکلیف میں
18,23:75,8,لَّلَجُّوا۟,lalajjū,البتہ اڑے رہتے
18,23:77,3,فَتَحْنَا,fataḥnā,کھول دیں گے ہم
18,23:77,7,عَذَابٍۢ,ʿadhābin,عذاب
18,23:77,12,مُبْلِسُونَ,mub'lisūna,مایوس ہونے والے ہوں گے
18,23:83,7,قَبْلُ,qablu,قبل
18,23:93,3,إِمَّا,immā,اگر
18,23:96,4,أَحْسَنُ,aḥsanu,سب سے اچھی ہے
18,23:97,5,مِنْ,min,سے
18,23:97,6,هَمَزَٰتِ,hamazāti,وسوسوں۔ اکساہٹوں
18,23:97,7,ٱلشَّيَـٰطِينِ,l-shayāṭīni,شیطانوں کے
18,23:100,15,يَوْمِ,yawmi,اس دن
18,23:101,6,أَنسَابَ,ansāba,کوئی رشتہ
18,23:109,5,عِبَادِى,ʿibādī,میرے بندوں میں
18,23:109,12,وَأَنتَ,wa-anta,اور تو
18,23:115,2,أَنَّمَا,annamā,بیشک صرف
18,23:117,11,فَإِنَّمَا,fa-innamā,تو بیشک صرف
18,23:118,6,خَيْرُ,khayru,اچھا ہے سب سے
18,24:2,14,دِينِ,dīni,دین
18,24:2,26,ٱلْمُؤْمِنِينَ,l-mu'minīna,اہل ایمان میں
18,24:3,18,ٱلْمُؤْمِنِينَ,l-mu'minīna,ایمان والوں
18,24:7,9,ٱلْكَـٰذِبِينَ,l-kādhibīna,جھوٹوں میں
18,24:8,4,أَن,an,یہ کہ
18,24:9,9,ٱلصَّـٰدِقِينَ,l-ṣādiqīna,سچوں میں
18,24:11,21,ٱلْإِثْمِ ۚ,l-ith'mi,گناہ میں
18,24:11,24,كِبْرَهُۥ,kib'rahu,اس کے بڑے حصے کا
18,24:19,8,ٱلَّذِينَ,alladhīna,ان لوگوں
18,24:21,23,مِنكُم,minkum,تم میں
18,24:22,9,أُو۟لِى,ulī,والوں کو
18,24:22,10,ٱلْقُرْبَىٰ,l-qur'bā,قرابت
18,24:23,3,يَرْمُونَ,yarmūna,جو تہمت لگاتے ہیں
18,24:23,4,ٱلْمُحْصَنَـٰتِ,l-muḥ'ṣanāti,پاک دامن عورتوں پر
18,24:27,8,بُيُوتِكُمْ,buyūtikum,اپنے گھروں کے
18,24:31,5,أَبْصَـٰرِهِنَّ,abṣārihinna,اپنی نگاہوں (میں)
18,24:31,52,ٱلْإِرْبَةِ,l-ir'bati,حاجت۔ غرض
18,24:31,54,ٱلرِّجَالِ,l-rijāli,مردوں (میں)
18,24:31,66,لِيُعْلَمَ,liyuʿ'lama,تاکہ جان لیا جائے
18,24:31,70,زِينَتِهِنَّ ۚ,zīnatihinna,اپنی زینت (میں)
18,24:32,6,عِبَادِكُمْ,ʿibādikum,تمہارے بندوں (میں)۔ غلاموں (میں)
18,24:33,5,نِكَاحًا,nikāḥan,نکاح کا موقع
18,24:33,24,مَّالِ,māli,مال میں
18,24:33,45,بَعْدِ,baʿdi,بعد
18,24:34,8,ٱلَّذِينَ,alladhīna,ان لوگوں کی
18,24:35,9,مِصْبَاحٌ ۖ,miṣ'bāḥun,چراغ ہے
18,24:35,12,زُجَاجَةٍ ۖ,zujājatin,فانوس (میں) ہے
18,24:37,8,ذِكْرِ,dhik'ri,ذکر
18,24:38,8,فَضْلِهِۦ ۗ,faḍlihi,اپنے فضل
18,24:40,8,مِّن,min,سے
18,24:40,9,فَوْقِهِۦ,fawqihi,اس کے اوپر
18,24:40,11,مِّن,min,سے
18,24:40,12,فَوْقِهِۦ,fawqihi,اس کے اوپر
18,24:40,14,ظُلُمَـٰتٌۢ,ẓulumātun,اندھیرے ہیں
18,24:40,23,يَرَىٰهَا ۗ,yarāhā,کہ دیکھ سکے اس کو
18,24:41,9,ٱلسَّمَـٰوَٰتِ,l-samāwāti,آسمانوں (میں) ہیں
18,24:43,17,خِلَـٰلِهِۦ,khilālihi,اس کے اندر
18,24:43,20,ٱلسَّمَآءِ,l-samāi,آسمان
18,24:43,24,مِنۢ,min,سے
18,24:43,32,مَّن,man,جس
18,24:45,9,يَمْشِى,yamshī,جو چلتا ہے
18,24:45,11,بَطْنِهِۦ,baṭnihi,اپنے پیٹ
18,24:45,16,رِجْلَيْنِ,rij'layni,دو پاؤں
18,24:45,30,شَىْءٍۢ,shayin,چیز
18,24:47,12,ذَٰلِكَ ۚ,dhālika,اس
18,24:51,1,إِنَّمَا,innamā,بیشک صرف
18,24:51,13,يَقُولُوا۟,yaqūlū,وہ کہیں
18,24:54,8,فَإِنَّمَا,fa-innamā,تو بیشک صرف
18,24:54,19,عَلَى,ʿalā,ذمے
18,24:54,20,ٱلرَّسُولِ,l-rasūli,رسول کے
18,24:55,25,خَوْفِهِمْ,khawfihim,ان کے خوف
18,24:58,14,مَرَّٰتٍۢ ۚ,marrātin,بار۔ اوقات
18,24:58,18,ٱلْفَجْرِ,l-fajri,فجر (کی)
18,24:58,22,مِّنَ,mina,میں
18,24:59,5,ٱلْحُلُمَ,l-ḥuluma,بلوغت کو
18,24:60,3,ٱلنِّسَآءِ,l-nisāi,عورتوں (میں)
18,24:61,15,أَنفُسِكُمْ,anfusikum,تمہارے نفسوں (پر)
18,24:61,19,بُيُوتِكُمْ,buyūtikum,اپنے گھروں
18,24:61,22,ءَابَآئِكُمْ,ābāikum,تمہارے باپوں کے۔ باپ دادا کے
18,24:61,66,عِندِ,ʿindi,طرف
18,24:62,1,إِنَّمَا,innamā,بیشک صرف
18,24:63,19,عَنْ,ʿan,سے
18,24:63,20,أَمْرِهِۦٓ,amrihi,اس کے حکم
18,24:64,6,ٱلسَّمَـٰوَٰتِ,l-samāwāti,آسمانوں (میں) ہے
18,25:7,9,ٱلْأَسْوَاقِ ۙ,l-aswāqi,بازاروں (میں)
18,25:17,9,ءَأَنتُمْ,a-antum,کیا تم
18,25:17,12,هَـٰٓؤُلَآءِ,hāulāi,ان
18,25:18,4,كَانَ,kāna,تھا
19,25:26,2,يَوْمَئِذٍ,yawma-idhin,اس دن
19,25:29,11,خَذُولًۭا,khadhūlan,بہت بے وفا۔ چھوڑ دینے والا
19,25:30,9,مَهْجُورًۭا,mahjūran,چھوڑا ہوا۔ ترک کیا ہوا
19,25:40,2,أَتَوْا۟,ataw,وہ گزر چکے ہیں
19,25:40,11,يَرَوْنَهَا ۚ,yarawnahā,دیکھتے اس کو
19,25:42,2,كَادَ,kāda,قریب تھا
19,25:46,4,قَبْضًۭا,qabḍan,سمیٹنا
19,25:48,6,بَيْنَ,bayna,آگے آگے
19,25:48,7,يَدَىْ,yaday,(آگے)
19,25:48,12,مَآءًۭ,māan,پانی
19,25:48,13,طَهُورًۭا,ṭahūran,پاک / پاکیزہ
19,25:53,7,فُرَاتٌۭ,furātun,شیریں ہے
19,25:55,14,ظَهِيرًۭا,ẓahīran,مددگار۔ پشت پناہ
19,25:65,11,غَرَامًا,gharāman,لازم ہونے والا
19,25:68,17,يَزْنُونَ ۚ,yaznūna,وہ زنا کرتے
19,25:72,7,بِٱللَّغْوِ,bil-laghwi,لغو پر
19,25:74,6,مِنْ,min,سے
19,25:74,7,أَزْوَٰجِنَا,azwājinā,ہماری بیویوں۔ شوہروں
19,25:74,8,وَذُرِّيَّـٰتِنَا,wadhurriyyātinā,اور ہماری اولادوں میں
19,25:75,6,وَيُلَقَّوْنَ,wayulaqqawna,اور وہ حاصل کریں گے۔ ان کا استقبال کیا جائے گا
19,25:77,3,يَعْبَؤُا۟,yaʿba-u,پرواہ کرتا۔ پرواہ کرے گا
19,26:2,2,ءَايَـٰتُ,āyātu,آیات ہیں
19,26:20,3,إِذًۭا,idhan,تب
19,26:20,5,مِنَ,mina,میں سے
19,26:20,6,ٱلضَّآلِّينَ,l-ḍālīna,راہ سے بے خبر لوگوں
19,26:22,3,تَمُنُّهَا,tamunnuhā,جو تو جتاتا ہے
19,26:29,8,ٱلْمَسْجُونِينَ,l-masjūnīna,قید میں پڑے ہوئے لوگوں
19,26:30,1,قَالَ,qāla,کہا (موسی نے)
19,26:46,1,فَأُلْقِىَ,fa-ul'qiya,تو گرا دیے گئے
19,26:49,20,وَلَأُصَلِّبَنَّكُمْ,wala-uṣallibannakum,اور البتہ میں ضرور سولی پر چڑھاؤں گا تم کو
19,26:50,3,ضَيْرَ ۖ,ḍayra,کوئی پرواہ۔ کوئی نقصان
19,26:57,4,وَعُيُونٍۢ,waʿuyūnin,اور چشموں سے
19,26:62,5,رَبِّى,rabbī,میرا رب ہے
19,26:63,12,كَٱلطَّوْدِ,kal-ṭawdi,پہاڑ کی طرح
19,26:75,2,أَفَرَءَيْتُم,afara-aytum,کیا بھلا دیکھا تم نے
19,26:75,4,كُنتُمْ,kuntum,تھے تم
19,26:76,2,وَءَابَآؤُكُمُ,waābāukumu,اور تمہارے باپ دادا
19,26:94,1,فَكُبْكِبُوا۟,fakub'kibū,تو وہ اوندھے منہ گرائے جائیں گے
19,26:97,5,ضَلَـٰلٍۢ,ḍalālin,گمراہی
19,26:103,2,فِى,fī,میں
19,26:103,3,ذَٰلِكَ,dhālika,اس
19,26:112,5,كَانُوا۟,kānū,جو تھے وہ
19,26:124,7,تَتَّقُونَ,tattaqūna,تم ڈرتے ہو۔ تقوی اختیار کرتے ہو
19,26:142,4,أَخُوهُمْ,akhūhum,ان کے بھائی
19,26:148,2,وَنَخْلٍۢ,wanakhlin,اور کھجور کے درختوں
19,26:153,2,إِنَّمَآ,innamā,بیشک صرف
19,26:161,7,تَتَّقُونَ,tattaqūna,تم تقوی اختیار کرتے۔ تم ڈرتے
19,26:162,4,أَمِينٌۭ,amīnun,امانت دار
19,26:163,3,وَأَطِيعُونِ,wa-aṭīʿūni,اور اطاعت کرو میری
19,26:164,3,عَلَيْهِ,ʿalayhi,اس پر
19,26:164,7,أَجْرِىَ,ajriya,اجر میرا
19,26:167,6,لَتَكُونَنَّ,latakūnanna,البتہ تو ضرور ہو جائے گا
19,26:167,8,ٱلْمُخْرَجِينَ,l-mukh'rajīna,نکالے جانے والوں میں
19,26:173,3,مَّطَرًۭا ۖ,maṭaran,ایک بارش
19,26:174,2,فِى,fī,میں
19,26:174,3,ذَٰلِكَ,dhālika,اس
19,26:175,5,ٱلرَّحِيمُ,l-raḥīmu,رحم فرمانے والا ہے
19,26:185,2,إِنَّمَآ,innamā,بیشک صرف
19,26:194,3,لِتَكُونَ,litakūna,تاکہ تو ہو جائے
19,26:196,4,ٱلْأَوَّلِينَ,l-awalīna,پہلوں کے
19,26:222,5,أَثِيمٍۢ,athīmin,بہت گناہ گار
19,27:4,6,زَيَّنَّا,zayyannā,خوبصورت بنا دیے ہم نے
19,27:7,5,إِنِّىٓ,innī,بیشک میں
19,27:8,6,مَن,man,جو
19,27:10,10,وَلَمْ,walam,اور نہ
19,27:14,1,وَجَحَدُوا۟,wajaḥadū,اور انہوں نے (بظاہر) انکار کیا
19,27:15,12,كَثِيرٍۢ,kathīrin,بہت سوں کے
19,27:16,13,شَىْءٍ ۖ,shayin,چیز
19,27:17,9,يُوزَعُونَ,yūzaʿūna,پورے ضبط میں رکھے جاتے تھے
19,27:19,12,أَنْعَمْتَ,anʿamta,انعام کیا تو نے
19,27:20,5,لِىَ,liya,مجھ کو (کہ) میں
19,27:23,10,عَرْشٌ,ʿarshun,ایک تخت ہے
19,27:23,11,عَظِيمٌۭ,ʿaẓīmun,بڑا
19,27:26,4,إِلَّا,illā,سوائے
19,27:26,5,هُوَ,huwa,اس کے
19,27:33,8,وَٱلْأَمْرُ,wal-amru,اور معاملہ
19,27:33,9,إِلَيْكِ,ilayki,تیری طرف ہے۔ تیرے ہاتھ میں ہے
19,27:35,2,مُرْسِلَةٌ,mur'silatun,بھیجنے والی ہوں
19,27:39,16,أَمِينٌۭ,amīnun,امانت دار ہوں
19,27:40,17,مُسْتَقِرًّا,mus'taqirran,رکھا ہوا
19,27:40,30,فَإِنَّمَا,fa-innamā,تو بیشک صرف
19,27:41,5,نَنظُرْ,nanẓur,ہم دیکھیں
19,27:43,12,كَـٰفِرِينَ,kāfirīna,کافر
19,27:44,26,لِلَّهِ,lillahi,اللہ کے لیے
19,27:48,8,ٱلْأَرْضِ,l-arḍi,زمین
19,27:51,6,أَنَّا,annā,بیشک ہم
19,27:52,7,فِى,fī,میں
19,27:52,8,ذَٰلِكَ,dhālika,اس
19,27:58,5,مَطَرُ,maṭaru,بارش
19,27:58,6,ٱلْمُنذَرِينَ,l-mundharīna,ڈرائے جانے والوں کی
20,27:63,12,يَدَىْ,yaday,(ہاتھوں)
20,27:81,6,ضَلَـٰلَتِهِمْ ۖ,ḍalālatihim,ان کی گمراہی/ ان کے بھٹکنے
20,27:86,3,أَنَّا,annā,کہ ہم
20,27:90,8,هَلْ,hal,کیا
20,27:91,17,ٱلْمُسْلِمِينَ,l-mus'limīna,مسلمانوں میں/ فرماں برداروں میں
20,27:92,6,فَإِنَّمَا,fa-innamā,تو بیشک صرف
20,27:92,15,ٱلْمُنذِرِينَ,l-mundhirīna,ڈرانے والوں میں ہوں
20,28:8,11,وَجُنُودَهُمَا,wajunūdahumā,اور ان دونوں کے لشکر
20,28:8,13,خَـٰطِـِٔينَ,khāṭiīna,خطا کار/ بھول میں
20,28:12,9,عَلَىٰٓ,ʿalā,کا پتہ
20,28:12,10,أَهْلِ,ahli,لوگوں
20,28:12,11,بَيْتٍۢ,baytin,ایک گھر کے
20,28:14,6,حُكْمًۭا,ḥuk'man,حکمت/ نبوت
20,28:15,4,حِينِ,ḥīni,وقت
20,28:15,5,غَفْلَةٍۢ,ghaflatin,غفلت (کے)
20,28:15,6,مِّنْ,min,سے
20,28:15,14,شِيعَتِهِۦ,shīʿatihi,اس کے گروہ میں (سے) تھا
20,28:15,22,عَلَى,ʿalā,خلاف
20,28:15,23,ٱلَّذِى,alladhī,اس کے جو
20,28:18,5,يَتَرَقَّبُ,yataraqqabu,خطرہ بھانپتے ہوئے
20,28:21,4,يَتَرَقَّبُ ۖ,yataraqqabu,خطرہ بھانپتے ہوئے
20,28:23,12,مِن,min,سے
20,28:23,13,دُونِهِمُ,dūnihimu,ان سے ہٹ کر
20,28:23,26,شَيْخٌۭ,shaykhun,بوڑھا
20,28:25,5,ٱسْتِحْيَآءٍۢ,is'tiḥ'yāin,حیا کے/ شرماتی ہوئی
20,28:25,17,وَقَصَّ,waqaṣṣa,اور بیان کیا
20,28:25,19,ٱلْقَصَصَ,l-qaṣaṣa,سارا قصہ
20,28:27,9,عَلَىٰٓ,ʿalā,اس شرط پر
20,28:27,10,أَن,an,کہ
20,28:27,17,فَمِنْ,famin,تو
20,28:27,18,عِندِكَ ۖ,ʿindika,تیری طرف سے ہے
20,28:28,3,بَيْنِى,baynī,میرے درمیان
20,28:29,9,جَانِبِ,jānibi,جانب
20,28:29,15,إِنِّىٓ,innī,بیشک میں
20,28:30,6,ٱلْوَادِ,l-wādi,وادی کے
20,28:30,9,ٱلْبُقْعَةِ,l-buq'ʿati,خطے (میں)
20,28:32,6,بَيْضَآءَ,bayḍāa,چمکتا ہوا
20,28:32,7,مِنْ,min,سے
20,28:32,16,بُرْهَـٰنَانِ,bur'hānāni,دو دلیلیں
20,28:32,18,رَّبِّكَ,rabbika,تیرے رب (کی طرف)
20,28:32,23,كَانُوا۟,kānū,تھے/ ہیں
20,28:33,3,إِنِّى,innī,بیشک میں
20,28:39,1,وَٱسْتَكْبَرَ,wa-is'takbara,اور تکبر کیا
20,28:43,5,مِنۢ,min,سے
20,28:43,9,ٱلْقُرُونَ,l-qurūna,قوموں کو/ نسلوں کو
20,28:45,1,وَلَـٰكِنَّآ,walākinnā,لیکن ہم
20,28:47,1,وَلَوْلَآ,walawlā,اور اگر نہ ہوتا
20,28:47,3,تُصِيبَهُم,tuṣībahum,پہنچے ان کو
20,28:48,21,سِحْرَانِ,siḥ'rāni,دو جادو ہیں
20,28:50,6,أَنَّمَا,annamā,کہ بس وہ
20,28:53,2,يُتْلَىٰ,yut'lā,پڑھا جاتا ہے
20,28:53,3,عَلَيْهِمْ,ʿalayhim,ان پر
20,28:57,14,يُجْبَىٰٓ,yuj'bā,کھینچے چلے آتے ہیں
20,28:58,11,مِّنۢ,min,سے
20,28:61,17,ٱلْمُحْضَرِينَ,l-muḥ'ḍarīna,حاضر کئے جانے والوں میں (سے) ہوگا
20,28:64,11,أَنَّهُمْ,annahum,کہ وہ
20,28:67,2,مَن,man,جس نے
20,28:69,4,تُكِنُّ,tukinnu,چھپاتے ہیں
20,28:69,5,صُدُورُهُمْ,ṣudūruhum,ان کے سینے
20,28:70,10,ٱلْأُولَىٰ,l-ūlā,دنیا
20,28:71,12,مَنْ,man,کون
20,28:72,10,يَوْمِ,yawmi,دن
20,28:73,10,مِن,min,میں سے
20,28:73,11,فَضْلِهِۦ,faḍlihi,اس کے فضل
20,28:76,15,لَتَنُوٓأُ,latanūu,البتہ بھاری ہوتی تھیں
20,28:76,16,بِٱلْعُصْبَةِ,bil-ʿuṣ'bati,ایک جماعت پر
20,28:78,16,ٱلْقُرُونِ,l-qurūni,قوموں میں (سے)
20,28:78,22,وَأَكْثَرُ,wa-aktharu,اور زیادہ تھیں
20,28:80,14,يُلَقَّىٰهَآ,yulaqqāhā,دی جاتی یہ (دولت)
20,28:81,11,مِن,min,سے
20,28:82,15,وَيَقْدِرُ ۖ,wayaqdiru,اور تنگ کر دیتا ہے
20,28:87,2,يَصُدُّنَّكَ,yaṣuddunnaka,روکیں تجھ کو
20,29:1,1,الٓمٓ,alif-lam-meem,الف لام میم
20,29:6,3,فَإِنَّمَا,fa-innamā,تو بیشک صرف
20,29:7,5,لَنُكَفِّرَنَّ,lanukaffiranna,البتہ ہم ضرور دور کر دیں گے
20,29:8,2,ٱلْإِنسَـٰنَ,l-insāna,انسان کو
20,29:8,6,جَـٰهَدَاكَ,jāhadāka,وہ دونوں زور ڈالیں تجھ پر
20,29:17,1,إِنَّمَا,innamā,بیشک صرف
20,29:17,3,مِن,min,سے
20,29:25,2,إِنَّمَا,innamā,بیشک صرف
20,29:25,4,مِّن,min,سے
20,29:25,27,نَّـٰصِرِينَ,nāṣirīna,مدد گاروں میں (سے)
20,29:27,18,ٱلصَّـٰلِحِينَ,l-ṣāliḥīna,صالح لوگوں میں (سے) ہوگا
20,29:28,14,ٱلْعَـٰلَمِينَ,l-ʿālamīna,جہان والوں میں (سے)
20,29:29,17,ٱئْتِنَا,i'tinā,لے آ ہمارے پاس
20,29:33,6,سِىٓءَ,sīa,غمگین ہوا
20,29:37,7,جَـٰثِمِينَ,jāthimīna,گھٹنوں کے بل گرے ہوئے
20,29:38,6,مِّن,min,سے
20,29:38,7,مَّسَـٰكِنِهِمْ ۖ,masākinihim,ان کے گھروں (سے)
20,29:41,4,مِن,min,سے
20,29:41,6,ٱللَّهِ,l-lahi,اللہ کے
21,29:49,6,صُدُورِ,ṣudūri,سینوں
21,29:50,9,إِنَّمَا,innamā,بیشک صرف
21,29:50,13,وَإِنَّمَآ,wa-innamā,اور بیشک صرف
21,29:51,3,أَنَّآ,annā,بیشک ہم
21,29:51,7,يُتْلَىٰ,yut'lā,جو پڑھ کر سنائی جاتی ہے
21,29:52,11,وَٱلْأَرْضِ ۗ,wal-arḍi,اور زمین
21,29:53,12,يَشْعُرُونَ,yashʿurūna,شعور رکھتے ہوں گے
21,29:56,1,يَـٰعِبَادِىَ,yāʿibādiya,اے میرے بندو
21,29:56,2,ٱلَّذِينَ,alladhīna,جو
21,29:56,3,ءَامَنُوٓا۟,āmanū,ایمان لائے ہو
21,29:56,4,إِنَّ,inna,بیشک
21,29:56,5,أَرْضِى,arḍī,میری زمین
21,29:56,6,وَٰسِعَةٌۭ,wāsiʿatun,وسیع ہے
21,29:56,7,فَإِيَّـٰىَ,fa-iyyāya,پس صرف میری ہی
21,29:56,8,فَٱعْبُدُونِ,fa-uʿ'budūni,پس تم عبادت کرو میری
21,29:59,2,صَبَرُوا۟,ṣabarū,جنہوں نے صبر کیا
21,29:59,3,وَعَلَىٰ,waʿalā,اور پر
21,30:1,1,الٓمٓ,alif-lam-meem,الف لام میم
21,30:9,1,أَوَلَمْ,awalam,کیا بھلا نہیں
21,30:9,2,يَسِيرُوا۟,yasīrū,وہ چلے پھرے
21,30:20,1,وَمِنْ,wamin,اور میں سے ہے
21,30:22,1,وَمِنْ,wamin,اور میں سے ہے
21,30:22,2,ءَايَـٰتِهِۦ,āyātihi,اس کی نشانیوں
21,30:22,10,فِى,fī,میں
21,30:22,11,ذَٰلِكَ,dhālika,اس
21,30:23,1,وَمِنْ,wamin,اور میں سے ہے
21,30:23,2,ءَايَـٰتِهِۦ,āyātihi,اس کی نشانیوں
21,30:23,4,بِٱلَّيْلِ,bi-al-layli,رات کو
21,30:24,1,وَمِنْ,wamin,اور میں سے ہے
21,30:24,2,ءَايَـٰتِهِۦ,āyātihi,اس کی نشانیوں
21,30:25,1,وَمِنْ,wamin,اور میں سے ہے
21,30:25,2,ءَايَـٰتِهِۦٓ,āyātihi,اس کی نشانیوں
21,30:26,5,وَٱلْأَرْضِ ۖ,wal-arḍi,اور زمین
21,30:28,19,سَوَآءٌۭ,sawāon,برابر ہو
21,30:30,12,تَبْدِيلَ,tabdīla,ہے کوئی تبدیلی
21,30:38,2,ذَا,dhā,والا
21,30:38,3,ٱلْقُرْبَىٰ,l-qur'bā,قرابت کو
21,30:38,6,وَٱبْنَ,wa-ib'na,اور
21,30:44,3,فَعَلَيْهِ,faʿalayhi,تو اسی پر ہے
21,30:46,11,ٱلْفُلْكُ,l-ful'ku,کشتیاں
21,30:58,7,مِن,min,سے
21,31:1,1,الٓمٓ,alif-lam-meem,الف لام میم
21,31:6,1,وَمِنَ,wamina,اور میں سے
21,31:6,2,ٱلنَّاسِ,l-nāsi,لوگوں
21,31:9,8,ٱلْحَكِيمُ,l-ḥakīmu,حکمت والا ہے
21,31:10,2,ٱلسَّمَـٰوَٰتِ,l-samāwāti,آسمانوں کو
21,31:10,11,تَمِيدَ,tamīda,ڈھلک (نہ) جائے
21,31:12,10,فَإِنَّمَا,fa-innamā,تو بیشک صرف
21,31:13,12,ٱلشِّرْكَ,l-shir'ka,شرک
21,31:13,13,لَظُلْمٌ,laẓul'mun,البتہ ظلم ہے
21,31:19,11,ٱلْحَمِيرِ,l-ḥamīri,گدھوں کی
21,31:20,27,هُدًۭى,hudan,ہدایت کے
21,31:20,28,وَلَا,walā,اور بغیر
21,31:27,21,حَكِيمٌۭ,ḥakīmun,حکمت والا ہے
21,31:32,4,كَٱلظُّلَلِ,kal-ẓulali,سائبانوں کی طرح
21,31:32,15,مُّقْتَصِدٌۭ ۚ,muq'taṣidun,کوئی میانہ رو ہے
21,31:32,17,يَجْحَدُ,yajḥadu,انکار کرتا
21,31:33,24,تَغُرَّنَّكُمُ,taghurrannakumu,دھوکے میں ڈالے تم کو
21,31:33,28,يَغُرَّنَّكُم,yaghurrannakum,دھوکے میں ڈالے تم کو
21,32:11,7,بِكُمْ,bikum,تم پر
21,32:14,7,إِنَّا,innā,بیشک ہم
21,32:15,1,إِنَّمَا,innamā,بیشک صرف
21,32:20,1,وَأَمَّا,wa-ammā,اور رہے
21,32:26,9,ٱلْقُرُونِ,l-qurūni,قوموں
21,33:4,5,مِّن,min,کوئی
21,33:4,6,قَلْبَيْنِ,qalbayni,دو دل
21,33:5,2,لِـَٔابَآئِهِمْ,liābāihim,ان کے باپوں کی نسبت سے
21,33:6,24,مَّعْرُوفًۭا ۚ,maʿrūfan,کوئی بھلائی
21,33:6,25,كَانَ,kāna,ہے
21,33:6,26,ذَٰلِكَ,dhālika,یہ بات
21,33:9,18,ٱللَّهُ,l-lahu,اللہ تعالیٰ
21,33:14,9,لَـَٔاتَوْهَا,laātawhā,البتہ وہ آجاتے اس کی طرف۔ اس کو کر گزرتے
21,33:18,11,يَأْتُونَ,yatūna,آتے ہیں
21,33:25,7,يَنَالُوا۟,yanālū,انہوں نے پائی
21,33:26,8,صَيَاصِيهِمْ,ṣayāṣīhim,ان کی گڑھیوں
21,33:27,1,وَأَوْرَثَكُمْ,wa-awrathakum,اور اس نے وارث بنادیا تم کو
21,33:30,1,يَـٰنِسَآءَ,yānisāa,اے عورتو
21,33:30,4,يَأْتِ,yati,لائے گی
22,33:32,6,ٱلنِّسَآءِ ۚ,l-nisāi,(عام) عورتوں میں
22,33:32,15,قَلْبِهِۦ,qalbihi,جس کے دل
22,33:33,16,إِنَّمَا,innamā,بیشک صرف
22,33:35,14,وَٱلْمُتَصَدِّقِينَ,wal-mutaṣadiqīna,اور صدقہ دینے والے مرد
22,33:35,18,وَٱلْحَـٰفِظِينَ,wal-ḥāfiẓīna,اور حفاظت کرنے والے
22,33:36,15,مِنْ,min,میں
22,33:36,16,أَمْرِهِمْ ۗ,amrihim,ان کے معاملے
22,33:37,16,نَفْسِكَ,nafsika,اپنے نفس۔ اپنے دل
22,33:37,19,مُبْدِيهِ,mub'dīhi,ظاہر کرنے والا تھا اس کو
22,33:37,39,أَزْوَٰجِ,azwāji,بیویوں کے بارے
22,33:37,42,قَضَوْا۟,qaḍaw,وہ پوری کر چکے
22,33:38,17,قَبْلُ ۚ,qablu,اس (سے) پہلے
22,33:38,21,قَدَرًۭا,qadaran,ایک فیصلہ۔ اندازہ
22,33:40,12,ٱلنَّبِيِّـۧنَ ۗ,l-nabiyīna,نبیوں کے
22,33:41,5,ٱللَّهَ,l-laha,اللہ کا۔ اللہ کو
22,33:44,1,تَحِيَّتُهُمْ,taḥiyyatuhum,ان کا استقبال۔ ان کی دعا
22,33:45,3,إِنَّآ,innā,بیشک ہم
22,33:49,10,قَبْلِ,qabli,پہلے
22,33:49,18,تَعْتَدُّونَهَا ۖ,taʿtaddūnahā,تم شمار کرو اس کو۔ تم اس کی گنتی پوری کراؤ
22,33:50,33,لِلنَّبِىِّ,lilnnabiyyi,نبی (صلی اللہ علیہ وآلہ وسلم) کے لیے
22,33:50,38,يَسْتَنكِحَهَا,yastankiḥahā,نکاح کریں اس سے
22,33:51,1,۞ تُرْجِى,tur'jī,آپ دور رکھیں
22,33:51,31,قُلُوبِكُمْ ۚ,qulūbikum,تمہارے دلوں (میں) ہے
22,33:52,4,ٱلنِّسَآءُ,l-nisāu,عورتیں
22,33:55,5,ءَابَآئِهِنَّ,ābāihinna,اپنے باپوں کے معاملے
22,33:55,20,مَلَكَتْ,malakat,مالک ہیں
22,33:59,11,جَلَـٰبِيبِهِنَّ ۚ,jalābībihinna,اپنی چادروں میں۔ اپنے جلباب میں
22,33:61,3,ثُقِفُوٓا۟,thuqifū,وہ پائے جائیں گے
22,33:61,4,أُخِذُوا۟,ukhidhū,پکڑے جائیں گے
22,33:61,5,وَقُتِّلُوا۟,waquttilū,اور قتل کر دیے جائیں گے
22,33:62,7,قَبْلُ ۖ,qablu,اس (سے) پہلے
22,33:62,12,تَبْدِيلًۭا,tabdīlan,کوئی تبدیلی
22,33:63,6,إِنَّمَا,innamā,بیشک صرف
22,33:67,3,إِنَّآ,innā,بیشک ہم
22,34:3,26,ذَٰلِكَ,dhālika,اس (ذرے)
22,34:6,9,رَّبِّكَ,rabbika,آپ کے رب کی طرف
22,34:7,5,نَدُلُّكُمْ,nadullukum,ہم بتائیں تم کو
22,34:9,6,أَيْدِيهِمْ,aydīhim,ان کے ہاتھوں کے
22,34:10,7,أَوِّبِى,awwibī,تسبیح دہراؤ۔ ہم آہنگی کرو
22,34:11,11,تَعْمَلُونَ,taʿmalūna,تم عمل کرتے ہو
22,34:12,3,غُدُوُّهَا,ghuduwwuhā,اس کا چلنا صبح کے وقت
22,34:12,23,أَمْرِنَا,amrinā,ہمارے حکم
22,34:13,6,مَّحَـٰرِيبَ,maḥārība,قلعوں میں۔ بلند عمارتوں میں
22,34:15,2,كَانَ,kāna,تھی
22,34:15,19,وَرَبٌّ,warabbun,اور رب
22,34:16,5,ٱلْعَرِمِ,l-ʿarimi,بند توڑ (سیلاب۔ تیز رو سیلاب)
22,34:17,6,نُجَـٰزِىٓ,nujāzī,ہم بدلہ دیتے
22,34:18,1,وَجَعَلْنَا,wajaʿalnā,اور بنائی تھیں ہم نے
22,34:18,9,ظَـٰهِرَةًۭ,ẓāhiratan,نمایاں
22,34:21,14,مِنْهَا,min'hā,اس کی طرف سے۔ اس کے بارے
22,34:21,16,شَكٍّۢ ۗ,shakkin,شک (میں) ہے
22,34:22,7,ٱللَّهِ ۖ,l-lahi,اللہ کے (سوا) (ان کے معبود ہونے پر)
22,34:28,4,كَآفَّةًۭ,kāffatan,تمام تر
22,34:30,4,يَوْمٍۢ,yawmin,ایک دن کی۔ مقررہ وقت ہے ایک دن کا
22,34:31,11,يَدَيْهِ ۗ,yadayhi,اس سے
22,34:31,24,يَقُولُ,yaqūlu,کہیں گے
22,34:33,4,لِلَّذِينَ,lilladhīna,ان لوگوں سے
22,34:33,17,أَندَادًۭا ۚ,andādan,شریک
22,34:33,26,أَعْنَاقِ,aʿnāqi,گردنوں
22,34:34,8,قَالَ,qāla,کہا
22,34:34,9,مُتْرَفُوهَآ,mut'rafūhā,اس کے خوش حال لوگوں نے
22,34:37,22,ٱلْغُرُفَـٰتِ,l-ghurufāti,بالاخانوں
22,34:39,11,لَهُۥ ۚ,lahu,اس کے لیے
22,34:41,5,مِن,min,سے
22,34:46,2,إِنَّمَآ,innamā,بیشک صرف
22,34:50,4,فَإِنَّمَآ,fa-innamā,تو بیشک صرف
22,34:50,11,يُوحِىٓ,yūḥī,وحی کرتا ہے
22,34:50,13,رَبِّىٓ ۚ,rabbī,میرا رب
22,34:52,1,وَقَالُوٓا۟,waqālū,اور وہ کہیں گے
22,35:1,10,أَجْنِحَةٍۢ,ajniḥatin,پروں
22,35:6,7,إِنَّمَا,innamā,بیشک صرف
22,35:6,12,أَصْحَـٰبِ,aṣḥābi,ساتھیوں میں
22,35:7,12,وَأَجْرٌۭ,wa-ajrun,اور اجر ہے
22,35:9,7,فَسُقْنَـٰهُ,fasuq'nāhu,پھر لے جاتے ہیں ہم اس کو۔ چلاتے ہیں ہم اس کو
22,35:12,12,وَمِن,wamin,اور سے
22,35:12,13,كُلٍّۢ,kullin,ہر ایک
22,35:12,17,وَتَسْتَخْرِجُونَ,watastakhrijūna,اور تم نکال لیتے ہو
22,35:13,23,مِن,min,سے
22,35:13,27,مِن,min,کچھ بھی
22,35:13,28,قِطْمِيرٍ,qiṭ'mīrin,کھجور کی گٹھلی کے چھلکے کے برابر
22,35:18,12,يُحْمَلْ,yuḥ'mal,اٹھایا جائے گا
22,35:18,19,إِنَّمَا,innamā,بیشک صرف
22,35:18,29,فَإِنَّمَا,fa-innamā,تو بیشک صرف
22,35:22,2,يَسْتَوِى,yastawī,برابر ہوسکتے
22,35:22,3,ٱلْأَحْيَآءُ,l-aḥyāu,زندہ
22,35:22,14,مَّن,man,ان کو جو
22,35:22,16,ٱلْقُبُورِ,l-qubūri,قبروں (میں) ہیں
22,35:23,3,إِلَّا,illā,مگر
22,35:23,4,نَذِيرٌ,nadhīrun,ڈرانے والا
22,35:24,1,إِنَّآ,innā,بیشک ہم
22,35:24,6,وَإِن,wa-in,اور نہیں
22,35:28,8,إِنَّمَا,innamā,بیشک صرف
22,35:30,3,وَيَزِيدَهُم,wayazīdahum,اور زیادہ دے انہیں
22,35:31,11,يَدَيْهِ ۗ,yadayhi,اس کے
22,35:32,10,لِّنَفْسِهِۦ,linafsihi,اپنی جان پر
22,35:33,8,مِن,min,سے
22,35:33,10,وَلُؤْلُؤًۭا ۖ,walu'lu-an,اور موتی
22,35:33,11,وَلِبَاسُهُمْ,walibāsuhum,اور ان کا لباس
22,35:36,7,يُقْضَىٰ,yuq'ḍā,پورا کیا جائے گا۔ فیصلہ کیا جائے گا
22,35:39,3,جَعَلَكُمْ,jaʿalakum,جس نے بنایا تم کو
22,35:40,5,تَدْعُونَ,tadʿūna,تم پکارتے ہو
22,35:41,7,تَزُولَا ۚ,tazūlā,(نہ) ٹل جائیں
22,35:42,1,وَأَقْسَمُوا۟,wa-aqsamū,اور انہوں نے قسمیں کھائیں
22,35:42,11,إِحْدَى,iḥ'dā,کسی ایک (بڑھ کر)
22,35:43,26,تَحْوِيلًا,taḥwīlan,کوئی پھیرنا
22,35:45,10,ظَهْرِهَا,ẓahrihā,اس کی پشت (پر)
22,35:45,16,أَجَلٍۢ,ajalin,ایک مدت
22,36:4,2,صِرَٰطٍۢ,ṣirāṭin,راستے
22,36:5,3,ٱلرَّحِيمِ,l-raḥīmi,رحم فرمانے والی ہستی کی طرف سے
22,36:8,1,إِنَّا,innā,بیشک ہم
22,36:8,4,أَعْنَـٰقِهِمْ,aʿnāqihim,ان کی گردنوں
22,36:8,8,ٱلْأَذْقَانِ,l-adhqāni,ٹھوڑیوں (تک) ہیں
22,36:9,4,أَيْدِيهِمْ,aydīhim,ان کے سامنے
22,36:9,7,خَلْفِهِمْ,khalfihim,ان کے پیچھے
22,36:11,1,إِنَّمَا,innamā,بیشک صرف
22,36:11,6,وَخَشِىَ,wakhashiya,اور ڈرے
22,36:11,11,وَأَجْرٍۢ,wa-ajrin,اور اجر کی
22,36:12,13,إِمَامٍۢ,imāmin,ایک کتاب
22,36:19,5,ذُكِّرْتُم ۚ,dhukkir'tum,نصیحت کئے گئے تم/ تم یہ سب باتیں بنا رہے ہو
22,36:19,9,مُّسْرِفُونَ,mus'rifūna,حد سے بڑھی ہوئی
22,36:20,3,أَقْصَا,aqṣā,دور دراز حصے
23,36:23,10,تُغْنِ,tugh'ni,کام آئے گی
23,36:28,2,أَنزَلْنَا,anzalnā,نازل کیا ہم نے
23,36:29,8,خَـٰمِدُونَ,khāmidūna,بجھے ہوئے تھے
23,36:31,7,ٱلْقُرُونِ,l-qurūni,قوموں
23,36:34,6,وَأَعْنَـٰبٍۢ,wa-aʿnābin,اور انگوروں (میں)
23,36:35,3,ثَمَرِهِۦ,thamarihi,اسی کی پیداوار
23,36:36,4,ٱلْأَزْوَٰجَ,l-azwāja,جوڑوں کو
23,36:36,13,يَعْلَمُونَ,yaʿlamūna,وہ جانتے
23,36:39,5,عَادَ,ʿāda,وہ ہو جاتا ہے
23,36:40,15,يَسْبَحُونَ,yasbaḥūna,تیر رہے ہیں
23,36:41,3,أَنَّا,annā,بیشک ہم
23,36:42,6,يَرْكَبُونَ,yarkabūna,وہ سوار ہوتے ہیں
23,36:43,6,لَهُمْ,lahum,ان کے لئے
23,36:48,4,ٱلْوَعْدُ,l-waʿdu,دھمکی (پوری)
23,36:52,10,ٱلرَّحْمَـٰنُ,l-raḥmānu,رحمن نے
23,36:58,5,رَّحِيمٍۢ,raḥīmin,رحیم کی طرف
23,36:69,11,وَقُرْءَانٌۭ,waqur'ānun,اور قرآن
23,36:69,12,مُّبِينٌۭ,mubīnun,روشن
23,36:71,3,أَنَّا,annā,بیشک ہم
23,36:71,11,لَهَا,lahā,ان کے
23,36:77,2,يَرَ,yara,دیکھا
23,36:77,4,أَنَّا,annā,بیشک ہم
23,36:78,1,وَضَرَبَ,waḍaraba,اور اس نے بیان کی/ دیتا ہے
23,36:81,6,بِقَـٰدِرٍ,biqādirin,قادر/ قدرت والا
23,36:82,1,إِنَّمَآ,innamā,بیشک صرف
23,36:83,3,بِيَدِهِۦ,biyadihi,جس کے ہاتھ میں
23,37:6,1,إِنَّا,innā,بیشک ہم
23,37:19,1,فَإِنَّمَا,fa-innamā,تو بیشک صرف
23,37:19,5,فَإِذَا,fa-idhā,تو دفعتاً
23,37:46,1,بَيْضَآءَ,bayḍāa,سفید/ چمکتی ہوئی (شراب)
23,37:48,3,ٱلطَّرْفِ,l-ṭarfi,نگاہوں کو
23,37:48,4,عِينٌۭ,ʿīnun,خوب صورت آنکھوں والیاں (ہوں گی)
23,37:63,1,إِنَّا,innā,بیشک ہم
23,37:69,4,ضَآلِّينَ,ḍāllīna,بھٹکے ہوئے
23,37:75,5,ٱلْمُجِيبُونَ,l-mujībūna,جواب دینے والے
23,37:98,5,ٱلْأَسْفَلِينَ,l-asfalīna,سب سے نچلے
23,37:102,7,إِنِّىٓ,innī,بیشک میں
23,37:102,8,أَرَىٰ,arā,دیکھتا ہوں
23,37:111,3,عِبَادِنَا,ʿibādinā,ہمارے بندوں میں تھا
23,37:112,3,نَبِيًّۭا,nabiyyan,ایک نبی
23,37:112,5,ٱلصَّـٰلِحِينَ,l-ṣāliḥīna,نیکو کاروں میں
23,37:113,6,ذُرِّيَّتِهِمَا,dhurriyyatihimā,ان دونوں کی اولاد میں
23,37:114,5,وَهَـٰرُونَ,wahārūna,اور ہارون
23,37:117,1,وَءَاتَيْنَـٰهُمَا,waātaynāhumā,اور دی ہم نے ان دونوں کو
23,37:120,2,عَلَىٰ,ʿalā,اوپر
23,37:126,4,ءَابَآئِكُمُ,ābāikumu,تمہارے باپ دادا کا
23,37:126,5,ٱلْأَوَّلِينَ,l-awalīna,پہلے
23,37:134,3,وَأَهْلَهُۥٓ,wa-ahlahu,اور اس کے گھر والوں کو
23,37:152,1,وَلَدَ,walada,اولاد پیدا کی
23,38:1,4,ٱلذِّكْرِ,l-dhik'ri,نصیحت
23,38:3,1,كَمْ,kam,کتنی ہی
23,38:3,2,أَهْلَكْنَا,ahlaknā,ہلاک کیں ہم نے
23,38:3,3,مِن,min,سے
23,38:3,4,قَبْلِهِم,qablihim,ان سے پہلے
23,38:3,5,مِّن,min,(میں سے)
23,38:3,6,قَرْنٍۢ,qarnin,قومیں
23,38:3,7,فَنَادَوا۟,fanādaw,تو انہوں نے پکارا
23,38:3,8,وَّلَاتَ,walāta,حالانکہ نہیں تھا
23,38:3,9,حِينَ,ḥīna,وقت
23,38:3,10,مَنَاصٍۢ,manāṣin,بچ نکلنے کا
23,38:7,2,سَمِعْنَا,samiʿ'nā,سنا ہم نے
23,38:7,6,ٱلْـَٔاخِرَةِ,l-ākhirati,پچھلی/ پچھلے
23,38:8,12,بَل,bal,بلکہ
23,38:8,13,لَّمَّا,lammā,ابھی نہیں
23,38:8,14,يَذُوقُوا۟,yadhūqū,چکھا انہوں نے
23,38:11,2,مَّا,mā,چھوٹا سا
23,38:11,3,هُنَالِكَ,hunālika,اسی جگہ
23,38:21,6,تَسَوَّرُوا۟,tasawwarū,وہ دیوار پھاند کر آئے
23,38:22,20,وَٱهْدِنَآ,wa-ih'dinā,اور ہماری رہنمائی کیجئے
23,38:22,22,سَوَآءِ,sawāi,سیدھے
23,38:23,15,ٱلْخِطَابِ,l-khiṭābi,کلام/ گفتگو
23,38:24,26,أَنَّمَا,annamā,کہ صرف
23,38:25,7,لَزُلْفَىٰ,lazul'fā,البتہ تقرب کا مقام ہے
23,38:29,6,ءَايَـٰتِهِۦ,āyātihi,اس کی آیات پر
23,38:29,9,ٱلْأَلْبَـٰبِ,l-albābi,عقل
23,38:32,2,إِنِّىٓ,innī,بیشک میں
23,38:33,2,عَلَىَّ ۖ,ʿalayya,میرے پاس
23,38:39,2,عَطَآؤُنَا,ʿaṭāunā,ہماری بخشش ہے
23,38:41,8,مَسَّنِىَ,massaniya,چھوا ہے مجھ کو
23,38:43,9,لِأُو۟لِى,li-ulī,والوں کے لئے
23,38:43,10,ٱلْأَلْبَـٰبِ,l-albābi,عقل
23,38:44,8,إِنَّا,innā,بیشک ہم
23,38:44,10,صَابِرًۭا ۚ,ṣābiran,صابر/ صبر کرنے والا
23,38:45,7,ٱلْأَيْدِى,l-aydī,ہاتھوں
23,38:46,1,إِنَّآ,innā,بیشک ہم
23,38:46,3,بِخَالِصَةٍۢ,bikhāliṣatin,ایک خالص صفت کے ساتھ
23,38:47,3,لَمِنَ,lamina,البتہ سے
23,38:47,5,ٱلْأَخْيَارِ,l-akhyāri,نیک لوگوں میں تھے/ اچھے لوگوں میں تھے
23,38:53,3,تُوعَدُونَ,tūʿadūna,تم وعدہ کئے جاتے ہو
23,38:54,6,مِن,min,کوئی
23,38:57,2,فَلْيَذُوقُوهُ,falyadhūqūhu,پس چاہیے کہ وہ چکھیں اس کو
23,38:60,3,أَنتُمْ,antum,تم
23,38:60,7,أَنتُمْ,antum,تم ہی
23,38:61,9,ضِعْفًۭا,ḍiʿ'fan,دوگنا
23,38:65,2,إِنَّمَآ,innamā,بیشک صرف
23,38:65,6,مِنْ,min,کوئی
23,38:65,7,إِلَـٰهٍ,ilāhin,الٰہ برحق
23,38:69,2,كَانَ,kāna,تھا
23,38:69,9,يَخْتَصِمُونَ,yakhtaṣimūna,جھگڑ رہے تھے
23,38:70,4,إِلَّآ,illā,مگر
23,38:70,5,أَنَّمَآ,annamā,صرف یہ کہ
23,38:70,6,أَنَا۠,anā,میں
23,38:70,7,نَذِيرٌۭ,nadhīrun,ڈرانے والا ہوں
23,38:70,8,مُّبِينٌ,mubīnun,کھلا کھلا
23,38:71,9,طِينٍۢ,ṭīnin,مٹی
23,38:76,7,نَّارٍۢ,nārin,آگ
23,38:83,4,ٱلْمُخْلَصِينَ,l-mukh'laṣīna,جو خالص کئے ہوئے ہیں/ چنے ہوئے ہیں
23,38:85,7,أَجْمَعِينَ,ajmaʿīna,سب کے سب سے
23,39:2,1,إِنَّآ,innā,بیشک ہم
23,39:3,30,مَنْ,man,اسے جو
23,39:3,31,هُوَ,huwa,وہ ہو
23,39:8,24,لِّيُضِلَّ,liyuḍilla,تاکہ وہ بھٹکائے
23,39:9,21,إِنَّمَا,innamā,بیشک صرف
23,39:10,16,إِنَّمَا,innamā,بیشک صرف
23,39:18,8,هَدَىٰهُمُ,hadāhumu,جن کو ہدایت دی
23,39:18,11,هُمْ,hum,وہی
23,39:20,13,تَحْتِهَا,taḥtihā,ان کے نیچے
23,39:21,10,يَنَـٰبِيعَ,yanābīʿa,چشمے بنا کر
23,39:21,20,يَهِيجُ,yahīju,وہ خشک ہو جاتی ہے
23,39:21,27,فِى,fī,میں
23,39:21,28,ذَٰلِكَ,dhālika,اس
23,39:21,29,لَذِكْرَىٰ,ladhik'rā,البتہ نصیحت ہے
23,39:21,30,لِأُو۟لِى,li-ulī,والوں کے لئے
23,39:21,31,ٱلْأَلْبَـٰبِ,l-albābi,عقل
23,39:23,15,تَلِينُ,talīnu,نرم ہوجاتی ہیں
23,39:24,3,بِوَجْهِهِۦ,biwajhihi,اپنے چہرے کے ذریعے
23,39:27,9,مَثَلٍۢ,mathalin,قسم کی مثالیں
23,39:29,9,سَلَمًۭا,salaman,پورا کا پورا (غلام) ہے
24,39:32,10,جَآءَهُۥٓ ۚ,jāahu,وہ آیا اس کے پاس
24,39:34,1,لَهُم,lahum,ان کے لیے ہوگا
24,39:38,10,أَفَرَءَيْتُم,afara-aytum,کیا پھر دیکھا تم نے
24,39:38,36,ٱلْمُتَوَكِّلُونَ,l-mutawakilūna,توکل کرنے والے
24,39:41,1,إِنَّآ,innā,بیشک ہم
24,39:41,12,فَإِنَّمَا,fa-innamā,تو بیشک صرف
24,39:42,8,تَمُتْ,tamut,مری
24,39:42,19,أَجَلٍۢ,ajalin,ایک وقت
24,39:42,20,مُّسَمًّى ۚ,musamman,مقرر
24,39:46,2,ٱللَّهُمَّ,l-lahuma,اے اللہ
24,39:46,13,فِى,fī,اس میں
24,39:46,14,مَا,mā,جو
24,39:47,15,ٱلْعَذَابِ,l-ʿadhābi,عذاب (سے بچنے کے لیے)
24,39:47,21,ٱللَّهِ,l-lahi,اللہ کی طرف (سے)
24,39:49,12,إِنَّمَآ,innamā,بیشک صرف
24,39:50,5,قَبْلِهِمْ,qablihim,جو ان (سے) پہلے تھے
24,39:53,2,يَـٰعِبَادِىَ,yāʿibādiya,اے میرے بندو
24,39:53,9,مِن,min,سے
24,39:54,7,قَبْلِ,qabli,اس (سے) پہلے
24,39:64,2,أَفَغَيْرَ,afaghayra,کیا پھر سوائے
24,39:65,2,أُوحِىَ,ūḥiya,وحی کی گئی
24,39:73,15,خَزَنَتُهَا,khazanatuhā,اس کے دربان
24,39:73,19,فَٱدْخُلُوهَا,fa-ud'khulūhā,پس داخل ہوجاؤ اس میں
24,40:8,8,صَلَحَ,ṣalaḥa,نیک ہو
24,40:8,10,ءَابَآئِهِمْ,ābāihim,ان کے آباؤ اجداد میں
24,40:12,2,بِأَنَّهُۥٓ,bi-annahu,اس لیے کہ بیشک
24,40:12,3,إِذَا,idhā,جب
24,40:12,4,دُعِىَ,duʿiya,پکارا گیا
24,40:12,5,ٱللَّهُ,l-lahu,اللہ کو
24,40:12,6,وَحْدَهُۥ,waḥdahu,اکیلے
24,40:13,2,ٱلَّذِى,alladhī,وہ ذات ہے جو
24,40:13,3,يُرِيكُمْ,yurīkum,دکھاتا ہے تم کو
24,40:15,10,مَن,man,جس (پر)
24,40:18,8,كَـٰظِمِينَ ۚ,kāẓimīna,غم سے بھرے ہوئے
24,40:21,12,قَبْلِهِمْ ۚ,qablihim,ان (سے) قبل۔ ان (سے) پہلے
24,40:27,4,عُذْتُ,ʿudh'tu,میں نے پناہ لی
24,40:28,2,رَجُلٌۭ,rajulun,ایک شخص نے
24,40:28,30,ٱلَّذِى,alladhī,وہ چیز جس کا
24,40:34,5,قَبْلُ,qablu,اس (سے) پہلے
24,40:37,2,ٱلسَّمَـٰوَٰتِ,l-samāwāti,آسمانوں کے
24,40:39,2,إِنَّمَا,innamā,بیشک صرف
24,40:43,13,ٱلْـَٔاخِرَةِ,l-ākhirati,آخرت
24,40:49,4,ٱلنَّارِ,l-nāri,جو آگ (میں ہوں گے)
24,40:51,7,ٱلْحَيَوٰةِ,l-ḥayati,زندگی
24,40:55,6,وَٱسْتَغْفِرْ,wa-is'taghfir,اور بخشش مانگیے
24,40:63,4,كَانُوا۟,kānū,جو تھے
24,40:63,7,يَجْحَدُونَ,yajḥadūna,انکار کرتے
24,40:66,15,رَّبِّى,rabbī,میرے رب کی طرف (سے)
24,40:67,25,قَبْلُ ۖ,qablu,اس (سے) پہلے
24,40:68,8,فَإِنَّمَا,fa-innamā,تو بیشک صرف
24,40:70,4,وَبِمَآ,wabimā,اور اس کو جو
24,40:74,12,قَبْلُ,qablu,اس (سے) پہلے
24,40:78,5,قَبْلِكَ,qablika,آپ (سے) پہلے
24,40:78,22,بِإِذْنِ,bi-idh'ni,اذن سے
24,40:82,11,قَبْلِهِمْ ۚ,qablihim,ان (سے) پہلے تھے
24,40:82,13,أَكْثَرَ,akthara,زیادہ
24,40:85,14,عِبَادِهِۦ ۖ,ʿibādihi,اس کے بندوں
24,41:2,4,ٱلرَّحِيمِ,l-raḥīmi,رحیم کی طرف (سے)
24,41:5,12,بَيْنِنَا,bayninā,ہمارے درمیان
24,41:6,2,إِنَّمَآ,innamā,بیشک صرف
24,41:6,8,أَنَّمَآ,annamā,بیشک صرف
24,41:9,8,يَوْمَيْنِ,yawmayni,دو دنوں
24,41:14,6,أَيْدِيهِمْ,aydīhim,ان کے آگے (سے)
24,41:20,2,إِذَا,idhā,جب
24,41:20,3,مَا,mā,بھی
24,41:24,11,ٱلْمُعْتَبِينَ,l-muʿ'tabīna,عذر قبول کیے جانے والوں میں (سے)
24,41:25,19,قَبْلِهِم,qablihim,ان (سے) پہلے
24,41:29,6,ٱلَّذَيْنِ,alladhayni,ان دونوں کو
24,41:31,4,ٱلْحَيَوٰةِ,l-ḥayati,زندگی
24,41:33,13,ٱلْمُسْلِمِينَ,l-mus'limīna,مسلمانوں میں (سے) ہوں
24,41:42,6,يَدَيْهِ,yadayhi,اس کے
24,41:42,9,خَلْفِهِۦ ۖ,khalfihi,اس کے پیچھے (سے)
24,41:42,13,حَمِيدٍۢ,ḥamīdin,تعریف والے کی طرف (سے)
24,41:43,10,قَبْلِكَ ۚ,qablika,آپ (سے) پہلے
24,41:44,21,ءَاذَانِهِمْ,ādhānihim,ان کے کانوں
25,41:50,9,لَيَقُولَنَّ,layaqūlanna,البتہ ضرور کہے گا
25,41:52,15,فِى,fī,میں ہے
25,41:53,4,ٱلْـَٔافَاقِ,l-āfāqi,آفاق
25,41:53,5,وَفِىٓ,wafī,اور میں
25,41:53,6,أَنفُسِهِمْ,anfusihim,ان کے نفسوں
25,41:53,14,بِرَبِّكَ,birabbika,آپ کا رب
25,42:7,5,عَرَبِيًّۭا,ʿarabiyyan,عربی
25,42:7,7,أُمَّ,umma,مرکز کو
25,42:7,8,ٱلْقُرَىٰ,l-qurā,بستیوں کے
25,42:8,18,وَلَا,walā,اور نہ
25,42:11,7,أَنفُسِكُمْ,anfusikum,تمہارے نفسوں میں
25,42:11,9,وَمِنَ,wamina,اور میں سے
25,42:11,10,ٱلْأَنْعَـٰمِ,l-anʿāmi,مویشی جانوروں
25,42:12,2,مَقَالِيدُ,maqālīdu,کنجیاں
25,42:14,5,بَعْدِ,baʿdi,بعد اس کے
25,42:16,6,بَعْدِ,baʿdi,بعد اس کے
25,42:16,10,حُجَّتُهُمْ,ḥujjatuhum,ان کی حجت بازی
25,42:18,17,يُمَارُونَ,yumārūna,جو بحثیں کرتے ہیں۔ جھگڑتے ہیں
25,42:18,22,بَعِيدٍ,baʿīdin,دور کی
25,42:20,1,مَن,man,جو کوئی
25,42:22,3,مُشْفِقِينَ,mush'fiqīna,ڈر رہے ہوں گے
25,42:24,8,يَشَإِ,yasha-i,چاہے
25,42:24,10,يَخْتِمْ,yakhtim,مہر لگا دے
25,42:25,6,عِبَادِهِۦ,ʿibādihi,اپنے بندوں
25,42:27,2,بَسَطَ,basaṭa,کھول دیتا
25,42:27,6,لَبَغَوْا۟,labaghaw,البتہ وہ بغاوت کر دیتے
25,42:33,10,فِى,fī,میں
25,42:33,11,ذَٰلِكَ,dhālika,اس
25,42:33,12,لَـَٔايَـٰتٍۢ,laāyātin,البتہ نشانیاں ہیں
25,42:33,15,شَكُورٍ,shakūrin,بہت شکرگزار
25,42:37,7,مَا,mā,بھی
25,42:40,9,عَلَى,ʿalā,ذمہ ہے
25,42:41,4,ظُلْمِهِۦ,ẓul'mihi,اس پر ظلم ہونے کے
25,42:42,1,إِنَّمَا,innamā,بیشک صرف
25,42:46,1,وَمَا,wamā,اور نہ
25,42:51,11,وَرَآئِ,warāi,پیچھے
25,42:51,14,يُرْسِلَ,yur'sila,وہ بھیجے
25,42:52,24,لَتَهْدِىٓ,latahdī,رہنمائی کرتے ہیں۔ البتہ آپ ہدایت دیتے ہیں
25,43:3,1,إِنَّا,innā,بیشک ہم
25,43:5,3,ٱلذِّكْرَ,l-dhik'ra,نصیحت کو
25,43:8,2,أَشَدَّ,ashadda,زیادہ طاقتور کو
25,43:8,3,مِنْهُم,min'hum,ان سے
25,43:11,12,تُخْرَجُونَ,tukh'rajūna,تم نکالے جاؤ گے
25,43:19,3,ٱلَّذِينَ,alladhīna,جو
25,43:19,4,هُمْ,hum,وہ
25,43:22,3,إِنَّا,innā,بیشک ہم
25,43:22,10,ءَاثَـٰرِهِم,āthārihim,ان کے نقش قدم
25,43:23,13,إِنَّا,innā,بیشک ہم
25,43:27,5,سَيَهْدِينِ,sayahdīni,عنقریب رہنمائی کرے گا میری
25,43:28,5,عَقِبِهِۦ,ʿaqibihi,اس کی اولاد۔ اس کے پیچھے
25,43:33,7,لَّجَعَلْنَا,lajaʿalnā,البتہ ہم بنا دیتے
25,43:34,2,أَبْوَٰبًۭا,abwāban,دروازے
25,43:34,4,عَلَيْهَا,ʿalayhā,ان پر
25,43:35,2,وَإِن,wa-in,اور نہیں
25,43:35,4,ذَٰلِكَ,dhālika,یہ
25,43:35,5,لَمَّا,lammā,مگر
25,43:35,8,ٱلدُّنْيَا ۚ,l-dun'yā,دنیا کی
25,43:40,7,وَمَن,waman,اور جو
25,43:40,8,كَانَ,kāna,ہو
25,43:43,3,أُوحِىَ,ūḥiya,جو وحی کی گئی
25,43:53,5,مِّن,min,سے
25,43:54,1,فَٱسْتَخَفَّ,fa-is'takhaffa,تو ہلکا پایا اس نے
25,43:55,2,ءَاسَفُونَا,āsafūnā,انہوں نے غصہ دلایا ہمیں
25,43:60,8,يَخْلُفُونَ,yakhlufūna,وہ جانشین ہوں
25,43:66,1,هَلْ,hal,کیا
25,43:67,2,يَوْمَئِذٍۭ,yawma-idhin,اس دن
25,43:71,4,مِّن,min,سے
25,43:71,14,فِيهَا,fīhā,اس میں
25,43:72,5,بِمَا,bimā,بوجہ اس کے
25,43:86,2,يَمْلِكُ,yamliku,مالک ہوسکتے۔ اختیار رکھتے
25,43:86,3,ٱلَّذِينَ,alladhīna,وہ لوگ
25,43:89,1,فَٱصْفَحْ,fa-iṣ'faḥ,پس درگزر کرو
25,44:3,1,إِنَّآ,innā,بیشک ہم
25,44:18,4,عِبَادَ,ʿibāda,بندوں کو
25,44:18,5,ٱللَّهِ ۖ,l-lahi,اللہ کے
25,44:19,7,ءَاتِيكُم,ātīkum,لاتا ہوں تمہارے پاس
25,44:22,6,مُّجْرِمُونَ,muj'rimūna,مجرم ہیں
25,44:26,2,وَمَقَامٍۢ,wamaqāmin,اور مقام
25,44:28,2,وَأَوْرَثْنَـٰهَا,wa-awrathnāhā,اور وارث بنادیا ہم نے ان کا
25,44:41,10,يُنصَرُونَ,yunṣarūna,مدد دیے جائیں گے
25,44:44,2,ٱلْأَثِيمِ,l-athīmi,گناہ گار کا
25,44:47,1,خُذُوهُ,khudhūhu,(کہا جائے گا) پکڑو اس کو
25,44:52,3,وَعُيُونٍۢ,waʿuyūnin,اور چشموں
25,44:54,3,بِحُورٍ,biḥūrin,گوری عورتوں سے
25,44:54,4,عِينٍۢ,ʿīnin,موٹی آنکھوں والی
25,44:58,1,فَإِنَّمَا,fa-innamā,پس بیشک صرف
25,45:1,1,حمٓ,hha-meem,حم
25,45:2,1,تَنزِيلُ,tanzīlu,نازل کرنا
25,45:2,3,مِنَ,mina,طرف سے
25,45:3,4,وَٱلْأَرْضِ,wal-arḍi,اور زمین
25,45:11,11,أَلِيمٌ,alīmun,دردناک
25,45:12,11,مِن,min,میں سے
25,45:12,14,تَشْكُرُونَ,tashkurūna,تم شکر ادا کرو
25,45:13,12,فِى,fī,میں
25,45:13,13,ذَٰلِكَ,dhālika,اس
25,45:13,14,لَـَٔايَـٰتٍۢ,laāyātin,البتہ نشانیاں ہیں
25,45:17,7,إِلَّا,illā,مگر
25,45:17,9,بَعْدِ,baʿdi,بعد اس کے
25,45:17,21,فِيمَا,fīmā,اس میں
25,45:21,15,سَآءَ,sāa,کتنا برا ہے
25,45:21,16,مَا,mā,جو
25,45:21,17,يَحْكُمُونَ,yaḥkumūna,وہ فیصلہ کر رہے ہیں
25,45:22,13,يُظْلَمُونَ,yuẓ'lamūna,ظلم کیے جائیں گے
25,45:23,21,بَعْدِ,baʿdi,بعد
25,45:23,24,تَذَكَّرُونَ,tadhakkarūna,تم نصیحت پکڑتے
25,45:24,9,وَمَا,wamā,اور نہیں
25,45:25,13,بِـَٔابَآئِنَآ,biābāinā,ہمارے باپ دادا کو
25,45:31,1,وَأَمَّا,wa-ammā,اور رہے
25,45:31,3,كَفَرُوٓا۟,kafarū,جنہوں نے کفر کیا
25,45:31,4,أَفَلَمْ,afalam,کیا پھر نہ
25,45:34,7,يَوْمِكُمْ,yawmikum,اپنے دن کی
25,45:34,13,مِّن,min,کوئی
25,45:34,14,نَّـٰصِرِينَ,nāṣirīna,مددگار
25,45:37,5,وَٱلْأَرْضِ ۖ,wal-arḍi,اور زمین
25,45:37,7,ٱلْعَزِيزُ,l-ʿazīzu,غالب ہے
26,46:3,9,وَأَجَلٍۢ,wa-ajalin,اور ایک مدت
26,46:3,10,مُّسَمًّۭى ۚ,musamman,مقرر کے ساتھ
26,46:8,16,تُفِيضُونَ,tufīḍūna,تم پڑتے ہو۔ تم شروع کرتے ہو۔ تم گھستے ہو۔ تم پلٹتے ہو
26,46:8,20,شَهِيدًۢا,shahīdan,گواہ
26,46:10,14,إِسْرَٰٓءِيلَ,is'rāīla,اسرائیل میں (سے)
26,46:12,10,لِّسَانًا,lisānan,زبان میں
26,46:15,31,وَٰلِدَىَّ,wālidayya,میرے والدین
26,46:15,39,ذُرِّيَّتِىٓ ۖ,dhurriyyatī,میری اولاد
26,46:15,40,إِنِّى,innī,بیشک میں
26,46:15,45,ٱلْمُسْلِمِينَ,l-mus'limīna,مسلمانوں میں (سے) ہوں
26,46:20,10,حَيَاتِكُمُ,ḥayātikumu,اپنی زندگی
26,46:21,15,خَلْفِهِۦٓ,khalfihi,اس کے پیچھے
26,46:22,5,ءَالِهَتِنَا,ālihatinā,ہمارے الہوں
26,46:23,2,إِنَّمَا,innamā,بیشک صرف
26,46:24,13,ٱسْتَعْجَلْتُم,is'taʿjaltum,تم جلدی مچا رہے تھے
26,46:28,4,ٱتَّخَذُوا۟,ittakhadhū,جن کو بنا لیا انہوں نے
26,46:29,6,ٱلْجِنِّ,l-jini,جنوں میں (سے)
26,46:29,18,مُّنذِرِينَ,mundhirīna,خبردار کرنے والے بن کر
26,46:30,3,إِنَّا,innā,بیشک ہم
26,46:31,10,ذُنُوبِكُمْ,dhunūbikum,تمہارے گناہوں میں (سے)
26,46:35,17,يَلْبَثُوٓا۟,yalbathū,وہ ٹھہرے
26,46:35,23,فَهَلْ,fahal,تو کیا
26,47:12,11,تَحْتِهَا,taḥtihā,ان کے نیچے
26,47:15,11,ءَاسِنٍۢ,āsinin,متغیر۔ بدلنے والا
26,47:15,13,مِّن,min,سے
26,47:15,19,مِّنْ,min,سے
26,47:15,31,ٱلثَّمَرَٰتِ,l-thamarāti,پھلوں میں (سے) ہوں گے
26,47:15,34,رَّبِّهِمْ ۖ,rabbihim,ان کے رب کی طرف (سے)
26,47:15,40,وَسُقُوا۟,wasuqū,اور وہ پلائے جائیں گے
26,47:18,1,فَهَلْ,fahal,تو کیا
26,47:20,25,ٱلْمَوْتِ ۖ,l-mawti,موت کی وجہ (سے)
26,47:26,3,قَالُوا۟,qālū,کہہ چکے
26,47:26,12,ٱلْأَمْرِ ۖ,l-amri,معاملات
26,47:29,5,قُلُوبِهِم,qulūbihim,جن کے دلوں (میں)
26,47:30,8,لَحْنِ,laḥni,اسلوب۔ انداز
26,47:32,11,بَعْدِ,baʿdi,بعد اس کے
26,47:34,11,كُفَّارٌۭ,kuffārun,کافر تھے
26,47:36,1,إِنَّمَا,innamā,بیشک صرف
26,47:37,4,تَبْخَلُوا۟,tabkhalū,تم بخل کرو گے
26,47:38,2,هَـٰٓؤُلَآءِ,hāulāi,یہ لوگ
26,47:38,13,فَإِنَّمَا,fa-innamā,تو بیشک صرف
26,48:1,1,إِنَّا,innā,بیشک ہم
26,48:8,1,إِنَّآ,innā,بیشک ہم
26,48:10,4,إِنَّمَا,innamā,بیشک صرف
26,48:10,7,يَدُ,yadu,ہاتھ
26,48:10,13,فَإِنَّمَا,fa-innamā,تو بیشک صرف
26,48:12,9,أَهْلِيهِمْ,ahlīhim,اپنے گھر والوں کی
26,48:12,14,قُلُوبِكُمْ,qulūbikum,تمہارے دلوں
26,48:13,6,فَإِنَّآ,fa-innā,تو بیشک ہم
26,48:16,9,بَأْسٍۢ,basin,قوت
26,48:17,21,تَحْتِهَا,taḥtihā,ان کے نیچے
26,48:18,13,قُلُوبِهِمْ,qulūbihim,ان کے دلوں (میں) تھا
26,48:23,12,تَبْدِيلًۭا,tabdīlan,کوئی تبدیلی
26,48:24,11,بَعْدِ,baʿdi,بعد اس کے
26,48:25,17,مُّؤْمِنَـٰتٌۭ,mu'minātun,مومن (عورتیں)
26,48:29,21,وُجُوهِهِم,wujūhihim,ان کے چہروں (میں) ہیں
26,49:2,8,صَوْتِ,ṣawti,آواز
26,49:2,17,أَن,an,کہیں ایسا نہ ہو کہ
26,49:4,5,وَرَآءِ,warāi,پیچھے۔ باہر
26,49:5,3,صَبَرُوا۟,ṣabarū,وہ صبر کرتے
26,49:5,7,لَكَانَ,lakāna,البتہ ہوتا
26,49:6,9,أَن,an,کہیں ایسا نہ ہو کہ
26,49:9,19,أَمْرِ,amri,حکم کی
26,49:10,1,إِنَّمَا,innamā,بیشک صرف
26,49:10,6,أَخَوَيْكُمْ ۚ,akhawaykum,اپنے دونوں بھائیوں کے
26,49:11,7,مِّن,min,سے
26,49:12,7,ٱلظَّنِّ,l-ẓani,گمان میں (سے)
26,49:13,3,إِنَّا,innā,بیشک ہم
26,49:14,10,وَلَمَّا,walammā,حالانکہ ابھی تک نہیں
26,49:14,20,يَلِتْكُم,yalit'kum,کمی کرے گا وہ تمہارے ساتھ
26,49:15,1,إِنَّمَا,innamā,بیشک صرف
26,49:16,9,ٱلسَّمَـٰوَٰتِ,l-samāwāti,آسمانوں (میں) ہے
26,49:16,12,ٱلْأَرْضِ ۚ,l-arḍi,زمین (میں) ہے
26,50:5,8,أَمْرٍۢ,amrin,ایک معاملے (میں) ہیں
26,50:7,8,مِن,min,سے
26,50:14,7,ٱلرُّسُلَ,l-rusula,رسولوں کو
26,50:15,7,لَبْسٍۢ,labsin,شک (میں) ہیں
26,50:16,14,ٱلْوَرِيدِ,l-warīdi,شہ رگ کی۔ رگ جان کی
26,50:17,5,ٱلْيَمِينِ,l-yamīni,دائیں طرف
26,50:20,6,ٱلْوَعِيدِ,l-waʿīdi,وعید کا
26,50:32,1,هَـٰذَا,hādhā,یہ ہے
26,50:36,5,قَرْنٍ,qarnin,قوموں میں (سے)
26,50:37,11,ٱلسَّمْعَ,l-samʿa,کان کو (غور سے سنا۔ کان لگایا)
26,50:42,3,ٱلصَّيْحَةَ,l-ṣayḥata,چیخ کو
26,50:44,2,تَشَقَّقُ,tashaqqaqu,پھٹ جائے گی۔ شق ہوجائے گی
26,51:23,2,ٱلسَّمَآءِ,l-samāi,آسمان کے
26,51:29,4,صَرَّةٍۢ,ṣarratin,چیخ (میں)
27,51:56,6,لِيَعْبُدُونِ,liyaʿbudūni,اس لیے تاکہ وہ میری عبادت کریں
27,51:60,5,يَوْمِهِمُ,yawmihimu,ان کے اس دن
27,51:60,6,ٱلَّذِى,alladhī,جس کا
27,51:60,7,يُوعَدُونَ,yūʿadūna,وہ وعدہ کیے جاتے ہیں
27,52:9,2,تَمُورُ,tamūru,لرزے گا
27,52:16,8,إِنَّمَا,innamā,بیشک صرف
27,52:17,1,إِنَّ,inna,بیشک
27,52:18,7,عَذَابَ,ʿadhāba,عذاب سے
27,52:20,5,وَزَوَّجْنَـٰهُم,wazawwajnāhum,اور بیاہ دیں گے ہم ان کو
27,52:21,13,مِّن,min,کسی
27,52:21,14,شَىْءٍۢ ۚ,shayin,چیز کی
27,52:21,19,رَهِينٌۭ,rahīnun,رہن ہے۔ گروی ہے
27,52:23,3,كَأْسًۭا,kasan,جام۔ پیالہ
27,52:29,6,بِكَاهِنٍۢ,bikāhinin,کاہن
27,53:2,4,وَمَا,wamā,اور نہ
27,53:25,2,ٱلْـَٔاخِرَةُ,l-ākhiratu,آخرت
27,53:26,2,مِّن,min,سے
27,53:26,12,بَعْدِ,baʿdi,بعد
27,53:27,1,إِنَّ,inna,بیشک
27,53:43,1,وَأَنَّهُۥ,wa-annahu,اور بیشک وہ
27,53:45,3,ٱلزَّوْجَيْنِ,l-zawjayni,جوڑے کو
27,54:11,5,مُّنْهَمِرٍۢ,mun'hamirin,برسنے والا
27,54:13,5,وَدُسُرٍۢ,wadusurin,اور میخوں
27,54:19,1,إِنَّآ,innā,بیشک ہم
27,54:20,6,مُّنقَعِرٍۢ,munqaʿirin,جڑ سے کٹے ہوئے۔ جڑ سے اکھڑے ہوئے
27,54:31,1,إِنَّآ,innā,بیشک ہم
27,54:34,1,إِنَّآ,innā,بیشک ہم
27,54:37,8,عَذَابِى,ʿadhābī,عذاب میرا
27,54:48,4,ٱلنَّارِ,l-nāri,آگ
27,54:49,1,إِنَّا,innā,بیشک ہم
27,54:52,5,ٱلزُّبُرِ,l-zuburi,صحیفوں
27,55:30,4,تُكَذِّبَانِ,tukadhibāni,تم دونوں جھٹلاؤ گے
27,55:43,5,بِهَا,bihā,اس کو
27,55:48,1,ذَوَاتَآ,dhawātā,والے
27,55:48,2,أَفْنَانٍۢ,afnānin,ہری بھری ڈالیوں
27,55:54,5,مِنْ,min,سے ہوں گے
27,55:54,8,ٱلْجَنَّتَيْنِ,l-janatayni,دونوں باغوں کے
27,55:60,3,ٱلْإِحْسَـٰنِ,l-iḥ'sāni,احسان کا
27,55:75,4,تُكَذِّبَانِ,tukadhibāni,تم دونوں جھٹلاؤ گے
27,56:8,1,فَأَصْحَـٰبُ,fa-aṣḥābu,پس والے
27,56:11,2,ٱلْمُقَرَّبُونَ,l-muqarabūna,مقرب لوگ ہیں
27,56:18,4,مِّن,min,سے
27,56:19,2,يُصَدَّعُونَ,yuṣaddaʿūna,درد سر دیے جائیں گے
27,56:19,5,يُنزِفُونَ,yunzifūna,مدہوش ہوں گے
27,56:26,3,سَلَـٰمًۭا,salāman,سلام
27,56:26,4,سَلَـٰمًۭا,salāman,سلام کی
27,56:35,1,إِنَّآ,innā,بیشک ہم
27,56:44,4,كَرِيمٍ,karīmin,آرام دہ
27,56:57,1,نَحْنُ,naḥnu,ہم
27,56:60,1,نَحْنُ,naḥnu,ہم
27,56:69,2,أَنزَلْتُمُوهُ,anzaltumūhu,اتارا ہے تم نے اس کو
27,56:70,4,أُجَاجًۭا,ujājan,سخت کھاری
27,56:72,2,أَنشَأْتُمْ,anshatum,اگایا ہے تم نے
27,56:73,1,نَحْنُ,naḥnu,ہم
27,56:86,5,مَدِينِينَ,madīnīna,اختیار میں۔ جزا دیئے ہوئے۔ زیر فرمان
27,56:88,1,فَأَمَّآ,fa-ammā,پھر
27,56:92,6,ٱلضَّآلِّينَ,l-ḍālīna,بہکے ہوئے لوگوں
27,57:4,31,مَا,mā,بھی
27,57:7,7,مُّسْتَخْلَفِينَ,mus'takhlafīna,خلیفہ۔ جانشین
27,57:13,11,قِيلَ,qīla,کہہ دیا جائے گا
27,57:13,12,ٱرْجِعُوا۟,ir'jiʿū,لوٹ جاؤ۔ پلٹ جاؤ
27,57:14,7,وَلَـٰكِنَّكُمْ,walākinnakum,لیکن تم
27,57:19,15,كَفَرُوا۟,kafarū,کفر کیا
27,57:20,2,أَنَّمَا,annamā,کہ بس
27,57:22,3,مِن,min,کوئی
27,57:22,4,مُّصِيبَةٍۢ,muṣībatin,مصیبت
27,57:28,13,لَّكُمْ,lakum,تم کو
27,57:29,1,لِّئَلَّا,li-allā,تاکہ
28,58:3,12,قَبْلِ,qabli,اس (سے) قبل
28,58:3,13,أَن,an,کہ
28,58:3,14,يَتَمَآسَّا ۚ,yatamāssā,وہ ایک دوسرے کو چھوئیں
28,58:4,8,قَبْلِ,qabli,اس (سے) پہلے
28,58:7,8,ٱلسَّمَـٰوَٰتِ,l-samāwāti,آسمانوں (میں) ہے
28,58:7,11,ٱلْأَرْضِ ۖ,l-arḍi,زمین (میں) ہے
28,58:7,28,ذَٰلِكَ,dhālika,اس
28,58:8,16,وَمَعْصِيَتِ,wamaʿṣiyati,اور نافرمانی کے
28,58:8,28,أَنفُسِهِمْ,anfusihim,اپنے نفسوں (میں)
28,58:10,1,إِنَّمَا,innamā,بیشک صرف
28,58:10,16,فَلْيَتَوَكَّلِ,falyatawakkali,پس چاہیے کہ توکل کریں
28,58:11,18,يَرْفَعِ,yarfaʿi,بلند کرے گا
28,58:13,11,وَتَابَ,watāba,اور مہربان ہوا
28,58:14,4,ٱلَّذِينَ,alladhīna,ان لوگوں کی
28,58:14,7,غَضِبَ,ghaḍiba,غضب ناک ہوا
28,58:20,8,ٱلْأَذَلِّينَ,l-adhalīna,ذلیل ترین لوگوں (میں) ہیں
28,58:22,9,مَنْ,man,اس سے جس نے
28,58:22,23,كَتَبَ,kataba,اس نے لکھ دیا۔ ثبت کردیا
28,59:1,5,ٱلسَّمَـٰوَٰتِ,l-samāwāti,جو آسمانوں (میں) ہے
28,59:1,8,ٱلْأَرْضِ ۖ,l-arḍi,زمین (میں) ہے
28,59:2,22,ٱللَّهِ,l-lahi,اللہ (سے)
28,59:2,26,حَيْثُ,ḥaythu,جہاں
28,59:2,31,قُلُوبِهِمُ,qulūbihimu,ان کے دلوں (میں)
28,59:4,3,شَآقُّوا۟,shāqqū,انہوں نے مخالفت کی
28,59:5,3,مِّن,min,میں سے
28,59:5,9,أُصُولِهَا,uṣūlihā,ان کی جڑوں (پر)
28,59:7,7,أَهْلِ,ahli,والوں
28,59:7,8,ٱلْقُرَىٰ,l-qurā,بستیوں (والوں)
28,59:8,11,ٱللَّهِ,l-lahi,اللہ کی طرف (سے)
28,59:9,14,صُدُورِهِمْ,ṣudūrihim,اپنے سینوں (میں)
28,59:9,20,أَنفُسِهِمْ,anfusihim,اپنے نفسوں (پر)
28,59:10,6,رَبَّنَا,rabbanā,اے ہمارے رب
28,59:10,8,لَنَا,lanā,ہم کو
28,59:10,9,وَلِإِخْوَٰنِنَا,wali-ikh'wāninā,اور ہمارے بھائیوں کو
28,59:10,16,قُلُوبِنَا,qulūbinā,ہمارے دلوں (میں)
28,59:11,12,ٱلْكِتَـٰبِ,l-kitābi,کتاب میں
28,59:13,6,مِّنَ,mina,سے
28,59:13,7,ٱللَّهِ ۚ,l-lahi,اللہ (سے بڑھ کر)
28,59:17,5,ٱلنَّارِ,l-nāri,آگ (میں) ہوں گے
28,59:20,5,وَأَصْحَـٰبُ,wa-aṣḥābu,اور ساتھی۔ والے
28,59:20,6,ٱلْجَنَّةِ ۚ,l-janati,جنت کے
28,59:20,7,أَصْحَـٰبُ,aṣḥābu,ساتھی
28,60:4,36,لِأَبِيهِ,li-abīhi,اپنے والد سے
28,60:7,1,۞ عَسَى,ʿasā,امید ہے
28,60:8,9,ٱلدِّينِ,l-dīni,دین کے معاملے (میں)
28,60:8,13,دِيَـٰرِكُمْ,diyārikum,تمہارے گھروں (سے)
28,60:9,1,إِنَّمَا,innamā,بیشک صرف
28,60:9,8,ٱلدِّينِ,l-dīni,دین کے معاملے (میں)
28,60:9,12,وَظَـٰهَرُوا۟,waẓāharū,اور انہوں نے ایک دوسرے کی مدد کی
28,60:9,14,إِخْرَاجِكُمْ,ikh'rājikum,تمہارے نکالنے (پر)
28,60:10,13,عَلِمْتُمُوهُنَّ,ʿalim'tumūhunna,تم جان لو ان کو
28,60:11,2,فَاتَكُمْ,fātakum,تمہارے ہاتھ سے نکل جائے
28,60:11,3,شَىْءٌۭ,shayon,کوئی چیز
28,60:11,5,أَزْوَٰجِكُمْ,azwājikum,تمہاری بیویوں میں
28,60:12,21,يَأْتِينَ,yatīna,وہ لائیں گی
28,60:12,30,مَعْرُوفٍۢ ۙ,maʿrūfin,کسی معروف (میں)
28,60:12,32,وَٱسْتَغْفِرْ,wa-is'taghfir,اور بخشش مانگو
28,60:13,7,غَضِبَ,ghaḍiba,ناراض ہوا
28,60:13,13,ٱلْـَٔاخِرَةِ,l-ākhirati,آخرت (سے)
28,60:13,18,أَصْحَـٰبِ,aṣḥābi,والوں
28,61:1,2,لِلَّهِ,lillahi,اللہ کی
28,61:1,5,ٱلسَّمَـٰوَٰتِ,l-samāwāti,آسمانوں (میں) ہے
28,61:1,8,ٱلْأَرْضِ ۖ,l-arḍi,زمین (میں) ہے
28,61:6,17,ٱلتَّوْرَىٰةِ,l-tawrāti,تورات میں
28,61:10,8,تُنجِيكُم,tunjīkum,جو بچائے تم کو
28,61:12,8,تَحْتِهَا,taḥtihā,ان کے نیچے
28,61:13,7,قَرِيبٌۭ ۗ,qarībun,قریبی
28,61:13,9,ٱلْمُؤْمِنِينَ,l-mu'minīna,مومنوں کو
28,61:14,26,إِسْرَٰٓءِيلَ,is'rāīla,اسرائیل میں
28,62:1,5,ٱلسَّمَـٰوَٰتِ,l-samāwāti,آسمانوں (میں) ہے
28,62:1,8,ٱلْأَرْضِ,l-arḍi,زمین (میں) ہے
28,62:2,18,قَبْلُ,qablu,اس (سے) پہلے
28,62:2,20,ضَلَـٰلٍۢ,ḍalālin,گمراہی
28,62:3,3,لَمَّا,lammā,ابھی نہیں
28,62:5,11,أَسْفَارًۢا ۚ,asfāran,کتابیں
28,62:9,7,مِن,min,میں
28,62:11,5,لَهْوًا,lahwan,کھیل تماشے کو
28,62:11,6,ٱنفَضُّوٓا۟,infaḍḍū,مائل ہوگئے
28,63:2,6,سَبِيلِ,sabīli,راستے
28,63:4,11,مُّسَنَّدَةٌۭ ۖ,musannadatun,ٹیک لگائی ہوئیں
28,63:5,5,يَسْتَغْفِرْ,yastaghfir,بخشش مانگے
28,63:9,13,يَفْعَلْ,yafʿal,کرے گا
28,63:9,14,ذَٰلِكَ,dhālika,ایسا
28,63:9,15,فَأُو۟لَـٰٓئِكَ,fa-ulāika,تو یہی لوگ
28,63:10,3,مَّا,mā,اس میں جو
28,63:10,21,ٱلصَّـٰلِحِينَ,l-ṣāliḥīna,نیک لوگوں میں (سے)
28,64:5,7,قَبْلُ,qablu,اس (سے) پہلے
28,64:6,11,وَتَوَلَّوا۟ ۚ,watawallaw,اور منہ موڑ گئے
28,64:9,25,ذَٰلِكَ,dhālika,یہی
28,64:12,7,فَإِنَّمَا,fa-innamā,تو بیشک صرف
28,64:14,6,أَزْوَٰجِكُمْ,azwājikum,تمہاری بیویوں میں
28,64:15,1,إِنَّمَآ,innamā,بیشک صرف
28,65:3,3,حَيْثُ,ḥaythu,جہاں
28,65:4,16,ٱلْأَحْمَالِ,l-aḥmāli,حمل (والیاں)
28,65:6,2,مِنْ,min,سے
28,65:6,5,مِّن,min,سے
28,65:6,29,تَعَاسَرْتُمْ,taʿāsartum,آپس میں کشمکش کرو تم
28,65:6,30,فَسَتُرْضِعُ,fasatur'ḍiʿu,تو دودھ پلائے گی
28,65:7,1,لِيُنفِقْ,liyunfiq,چاہیے کہ خرچ کرے
28,65:10,5,شَدِيدًۭا ۖ,shadīdan,سخت
28,66:3,2,أَسَرَّ,asarra,راز میں کہی
28,66:3,22,قَالَتْ,qālat,وہ بولی
28,66:3,24,أَنۢبَأَكَ,anba-aka,خبر دی آپ کو
28,66:4,14,مَوْلَىٰهُ,mawlāhu,اس کا مولا ہے
28,66:7,7,إِنَّمَا,innamā,بیشک صرف
28,66:8,15,وَيُدْخِلَكُمْ,wayud'khilakum,اور داخل کردے گا تم کو
28,66:10,8,وَٱمْرَأَتَ,wa-im'ra-ata,اور بیوی
28,66:12,10,رُّوحِنَا,rūḥinā,اپنی روح
29,67:2,6,أَيُّكُمْ,ayyukum,کون سا تم میں سے
29,67:7,2,أُلْقُوا۟,ul'qū,وہ ڈالے جائیں گے
29,67:8,10,خَزَنَتُهَآ,khazanatuhā,اس کے داروغہ۔ چوکیدار
29,67:17,2,أَمِنتُم,amintum,بےخوف ہوگئے تم
29,67:17,11,كَيْفَ,kayfa,کیسا ہے
29,67:19,6,صَـٰٓفَّـٰتٍۢ,ṣāffātin,پر پھیلائے ہوئے
29,67:21,12,وَنُفُورٍ,wanufūrin,اور بھاگنے میں
29,67:26,2,إِنَّمَا,innamā,بیشک صرف
29,67:26,6,وَإِنَّمَآ,wa-innamā,اور بیشک صرف
29,68:6,2,ٱلْمَفْتُونُ,l-maftūnu,فتنے میں پڑا ہوا ہے
29,68:10,3,كُلَّ,kulla,ہر
29,68:10,4,حَلَّافٍۢ,ḥallāfin,بہت قسمیں کھانے والے کی
29,68:14,1,أَن,an,اس لیے کہ
29,68:14,2,كَانَ,kāna,وہ ہے
29,68:17,1,إِنَّا,innā,بیشک ہم
29,68:20,2,كَٱلصَّرِيمِ,kal-ṣarīmi,مانند جڑ کٹے کے۔ کٹی ہوئی فصل کی طرح
29,68:21,1,فَتَنَادَوْا۟,fatanādaw,تو ایک دوسرے کو پکارنے لگے
29,68:24,2,لَّا,lā,نہ
29,68:24,3,يَدْخُلَنَّهَا,yadkhulannahā,داخل ہونے پائے اس میں
29,68:51,5,لَيُزْلِقُونَكَ,layuz'liqūnaka,البتہ پھسلا دیں گے آپ کو
29,69:5,3,فَأُهْلِكُوا۟,fa-uh'likū,پس وہ ہلاک کیے گئے
29,69:7,3,سَبْعَ,sabʿa,سات
29,69:9,5,وَٱلْمُؤْتَفِكَـٰتُ,wal-mu'tafikātu,اور الٹائی جانے والی بستیاں
29,69:17,2,عَلَىٰٓ,ʿalā,ہوں گے پر
29,69:36,5,غِسْلِينٍۢ,ghis'līnin,پیپ کا۔ زخموں کے دھوون کا
29,69:40,3,رَسُولٍۢ,rasūlin,رسول کی
29,69:42,3,كَاهِنٍۢ ۚ,kāhinin,کسی کاہن کا
29,70:9,1,وَتَكُونُ,watakūnu,اور ہو جائیں گے
29,70:9,2,ٱلْجِبَالُ,l-jibālu,پہاڑ
29,70:11,9,بِبَنِيهِ,bibanīhi,اپنے بیٹوں کو
29,70:15,3,لَظَىٰ,laẓā,جہنم کا شعلہ ہے
29,70:37,3,وَعَنِ,waʿani,اور سے
29,70:37,4,ٱلشِّمَالِ,l-shimāli,بائیں طرف
29,70:37,5,عِزِينَ,ʿizīna,گروہ در گروہ
29,70:39,2,إِنَّا,innā,بیشک ہم
29,71:1,1,إِنَّآ,innā,بیشک ہم
29,71:1,10,قَبْلِ,qabli,اس (سے) پہلے
29,71:5,3,إِنِّى,innī,بیشک میں
29,71:6,3,دُعَآءِىٓ,duʿāī,میری پکار نے
29,71:7,1,وَإِنِّى,wa-innī,اور بیشک میں
29,71:7,11,ثِيَابَهُمْ,thiyābahum,اپنے کپڑے
29,71:13,6,وَقَارًۭا,waqāran,کسی وقار کی
29,71:18,5,إِخْرَاجًۭا,ikh'rājan,نکالنا
29,71:22,1,وَمَكَرُوا۟,wamakarū,اور انہوں نے چال چلی
29,71:23,4,ءَالِهَتَكُمْ,ālihatakum,اپنے الہوں کو۔ معبودوں کو
29,71:25,1,مِّمَّا,mimmā,بوجہ
29,71:25,2,خَطِيٓـَٔـٰتِهِمْ,khaṭīātihim,اپنی خطاؤں کے
29,72:5,1,وَأَنَّا,wa-annā,اور بیشک ہم
29,72:6,11,رَهَقًۭا,rahaqan,تکبر میں۔ سرکشی میں
29,72:8,1,وَأَنَّا,wa-annā,اور بیشک ہم
29,72:9,6,لِلسَّمْعِ ۖ,lilssamʿi,سننے کے لیے
29,72:9,7,فَمَن,faman,تو جو کوئی
29,72:13,1,وَأَنَّا,wa-annā,اور بیشک ہم
29,72:16,4,ٱلطَّرِيقَةِ,l-ṭarīqati,راستے
29,72:16,5,لَأَسْقَيْنَـٰهُم,la-asqaynāhum,البتہ پلاتے ہم ان کو
29,72:20,2,إِنَّمَآ,innamā,بیشک صرف
29,72:23,2,بَلَـٰغًۭا,balāghan,پہنچانا
29,72:23,5,وَرِسَـٰلَـٰتِهِۦ ۚ,warisālātihi,اور اس کے پیغامات
29,72:28,9,لَدَيْهِمْ,ladayhim,جو ان کے پاس ہے
29,73:9,5,إِلَـٰهَ,ilāha,کوئی الہ برحق
29,73:15,1,إِنَّآ,innā,بیشک ہم
29,73:15,3,إِلَيْكُمْ,ilaykum,تم سب کی طرف
29,73:20,8,ثُلُثَىِ,thuluthayi,دو تہائی
29,73:20,23,تُحْصُوهُ,tuḥ'ṣūhu,تم شمار کر سکو گے اس کو
29,74:14,3,تَمْهِيدًۭا,tamhīdan,بچھانا
29,74:18,3,وَقَدَّرَ,waqaddara,اور اندازہ لگایا
29,74:31,3,أَصْحَـٰبَ,aṣḥāba,کارکن
29,74:31,4,ٱلنَّارِ,l-nāri,آگ کے
29,74:38,5,رَهِينَةٌ,rahīnatun,رہن میں ہے
29,74:44,1,وَلَمْ,walam,اور نہ
29,74:44,2,نَكُ,naku,تھے ہم
29,74:49,4,ٱلتَّذْكِرَةِ,l-tadhkirati,نصیحت
29,75:5,4,لِيَفْجُرَ,liyafjura,کہ گناہ کرتا رہے
29,75:11,3,وَزَرَ,wazara,کوئی پناہ کی جگہ
29,75:13,1,يُنَبَّؤُا۟,yunabba-u,آگاہ کر دیا جائے گا
29,75:18,4,قُرْءَانَهُۥ,qur'ānahu,اس کے پڑھنے کی
29,75:37,1,أَلَمْ,alam,کیا نہ
29,75:37,2,يَكُ,yaku,تھا وہ
29,75:37,3,نُطْفَةًۭ,nuṭ'fatan,ایک نطفہ
29,75:37,4,مِّن,min,سے
29,76:2,1,إِنَّا,innā,بیشک ہم
29,76:3,1,إِنَّا,innā,بیشک ہم
29,76:4,1,إِنَّآ,innā,بیشک ہم
29,76:9,1,إِنَّمَا,innamā,بیشک صرف
29,76:11,4,ذَٰلِكَ,dhālika,اس
29,76:11,5,ٱلْيَوْمِ,l-yawmi,دن کے
29,76:15,4,مِّن,min,سے
29,76:17,6,زَنجَبِيلًا,zanjabīlan,زنجبیل کی۔ سونٹھ کی
29,76:23,1,إِنَّا,innā,بیشک ہم
29,76:23,2,نَحْنُ,naḥnu,ہم ہی
29,76:28,1,نَّحْنُ,naḥnu,ہم ہی
29,77:4,1,فَٱلْفَـٰرِقَـٰتِ,fal-fāriqāti,پھر جدا کرنے والیاں
29,77:48,6,يَرْكَعُونَ,yarkaʿūna,وہ رکوع کرتے تھے
30,78:17,5,مِيقَـٰتًۭا,mīqātan,ایک مقرر وقت
30,78:23,1,لَّـٰبِثِينَ,lābithīna,پڑے رہنے والے ہیں
30,78:25,2,حَمِيمًۭا,ḥamīman,کھولتا پانی
30,78:36,4,عَطَآءً,ʿaṭāan,عطا/ بخشش
30,78:38,7,يَتَكَلَّمُونَ,yatakallamūna,کلام کرسکیں گے/ بات کرسکیں گے
30,78:40,1,إِنَّآ,innā,بیشک ہم
30,79:13,1,فَإِنَّمَا,fa-innamā,تو بیشک صرف
30,79:13,4,وَٰحِدَةٌۭ,wāḥidatun,ایک ہی
30,79:25,4,ٱلْـَٔاخِرَةِ,l-ākhirati,آخرت کے
30,79:43,4,ذِكْرَىٰهَآ,dhik'rāhā,اس کے ذکر
30,79:45,1,إِنَّمَآ,innamā,بیشک صرف
30,79:46,3,يَرَوْنَهَا,yarawnahā,وہ دیکھ لیں گے اس کو
30,80:25,1,اَنَّا,annā,بیشک ہم
30,80:25,2,صَبَبْنَا,ṣababnā,ڈالا ہم نے/ انڈیلا ہم نے
30,80:34,2,يَفِرُّ,yafirru,بھاگے گا
30,80:36,2,وَبَنِيهِ,wabanīhi,اور اپنے بیٹوں سے
30,80:40,1,وَوُجُوهٌۭ,wawujūhun,اور کچھ چہرے
30,81:7,3,زُوِّجَتْ,zuwwijat,جوڑ دی جائیں گی
30,81:15,3,بِٱلْخُنَّسِ,bil-khunasi,پیچھے ہٹنے والوں کی
30,81:22,2,صَاحِبُكُم,ṣāḥibukum,ساتھی تمہارا
30,81:28,1,لِمَن,liman,واسطے اس کے
30,82:13,4,نَعِيمٍۢ,naʿīmin,نعمتوں (میں) ہوں گے
30,82:14,4,جَحِيمٍۢ,jaḥīmin,جہنم (میں) ہوں گے
30,83:4,1,أَلَا,alā,کیا نہیں
30,83:4,2,يَظُنُّ,yaẓunnu,سمجھتے/ یقین رکھتے
30,83:6,5,ٱلْعَـٰلَمِينَ,l-ʿālamīna,جہانوں کے
30,83:7,6,سِجِّينٍۢ,sijjīnin,سجین (میں) ہے
30,83:8,4,سِجِّينٌۭ,sijjīnun,سجین/ قید خانہ
30,83:14,7,كَانُوا۟,kānū,تھے وہ
30,83:18,6,عِلِّيِّينَ,ʿilliyyīna,علیین (میں) ہے
30,83:22,4,نَعِيمٍ,naʿīmin,نعمتوں (میں) ہوں گے
30,83:27,3,تَسْنِيمٍ,tasnīmin,تسنیم ہوگی
30,84:4,1,وَأَلْقَتْ,wa-alqat,اور باہر پھینک دے گی
30,85:3,1,وَشَاهِدٍۢ,washāhidin,اور حاضر ہونے والے کی
30,85:4,3,ٱلْأُخْدُودِ,l-ukh'dūdi,خندق (والے)
30,85:16,1,فَعَّالٌۭ,faʿʿālun,کر ڈالنے والا ہے/ کر گزرنے والا ہے
30,85:20,3,وَرَآئِهِم,warāihim,ان کے آگے/ پیچھے
30,86:3,2,ٱلثَّاقِبُ,l-thāqibu,چمکتا ہوا
30,86:7,3,بَيْنِ,bayni,درمیان
30,87:5,3,أَحْوَىٰ,aḥwā,سیاہ
30,87:18,4,ٱلصُّحُفِ,l-ṣuḥufi,صحیفوں (میں) ہے
30,88:5,3,عَيْنٍ,ʿaynin,ایک چشمے (سے)
30,88:10,2,جَنَّةٍ,jannatin,جنت (میں) ہوں گے
30,88:21,2,إِنَّمَآ,innamā,بیشک صرف
30,89:3,2,وَٱلْوَتْرِ,wal-watri,اور قسم ہے طاق کی
30,89:7,3,ٱلْعِمَادِ,l-ʿimādi,ستونوں (والے تھے)
30,89:10,3,ٱلْأَوْتَادِ,l-awtādi,میخوں (والا)
30,89:16,1,وَأَمَّآ,wa-ammā,اور رہا
30,89:18,4,طَعَامِ,ṭaʿāmi,کھانا کھلانے (پر)
30,89:28,5,مَّرْضِيَّةًۭ,marḍiyyatan,پسندیدہ
30,90:3,2,وَمَا,wamā,اور اس کی جو
30,90:14,5,ذِى,dhī,والے
30,90:14,6,مَسْغَبَةٍۢ,masghabatin,بھوک (والے)
30,91:8,2,فُجُورَهَا,fujūrahā,اس کی بدی کو
30,91:13,5,نَاقَةَ,nāqata,(خبردار) اونٹنی کو
30,92:2,1,وَٱلنَّهَارِ,wal-nahāri,اور قسم ہے دن کی
30,92:11,2,يُغْنِى,yugh'nī,کام آئے گا
30,92:14,3,تَلَظَّىٰ,talaẓẓā,جو بھڑکتی ہے
30,92:15,4,ٱلْأَشْقَى,l-ashqā,سب سے بڑا بدبخت
30,93:4,5,ٱلْأُولَىٰ,l-ūlā,آغاز (سے)/ ابتداء (سے)
30,95:7,3,بَعْدُ,baʿdu,اس کے بعد
30,95:7,4,بِٱلدِّينِ,bil-dīni,جزا و سزا کے بارے میں
30,97:1,1,إِنَّآ,innā,بیشک ہم
30,97:5,1,سَلَـٰمٌ,salāmun,سراسر سلامتی ہے
30,98:1,7,ٱلْكِتَـٰبِ,l-kitābi,کتاب میں (سے)
30,98:6,9,نَارِ,nāri,آگ (میں) ہوں گے
30,98:8,8,تَحْتِهَا,taḥtihā,ان کے نیچے (سے)
30,99:1,2,زُلْزِلَتِ,zul'zilati,ہلا ڈالی جائے گی
30,100:4,1,فَأَثَرْنَ,fa-atharna,پھر وہ اڑاتی ہیں
30,100:5,1,فَوَسَطْنَ,fawasaṭna,پھر وہ جا گھستی ہیں
30,100:9,7,ٱلْقُبُورِ,l-qubūri,قبروں (میں) ہے
30,100:10,4,ٱلصُّدُورِ,l-ṣudūri,سینوں (میں) ہے
30,101:2,2,ٱلْقَارِعَةُ,l-qāriʿatu,وہ عظیم حادثہ/ وہ کھڑ کھڑانے والی
30,101:3,4,ٱلْقَارِعَةُ,l-qāriʿatu,کھڑ کھڑانے والی/ وہ عظیم حادثہ
30,101:7,3,عِيشَةٍۢ,ʿīshatin,زندگی (میں) ہوگا
30,103:2,4,خُسْرٍ,khus'rin,نقصان (میں) ہیں/ خسارے (میں) ہیں
30,103:3,4,وَعَمِلُوا۟,waʿamilū,اور انہوں نے کام کئے
30,105:2,5,تَضْلِيلٍۢ,taḍlīlin,گمراہی (میں)/ اکارت
30,105:4,3,مِّن,min,سے
30,107:3,4,طَعَامِ,ṭaʿāmi,کھانے (پر)/ کھانا دینے (پر)
30,108:1,1,إِنَّآ,innā,بیشک ہم
30,110:1,2,جَآءَ,jāa,آجائے
30,110:2,1,وَرَأَيْتَ,wara-ayta,اور تم دیکھ لو
30,111:5,2,جِيدِهَا,jīdihā,اس کی گردن (میں) ہوگی
30,111:5,4,مِّن,min,سے
15,17:34,14,إِنَّ,inna,بیشک
15,17:53,7,إِنَّ,inna,بیشک
16,19:44,5,إِنَّ,inna,بیشک
20,29:31,12,إِنَّ,inna,بیشک
21,29:45,1,ٱتْلُ,ut'lu,پڑھ سنائیے
21,29:45,9,إِنَّ,inna,بیشک
21,31:13,11,إِنَّ,inna,بیشک
22,35:6,1,إِنَّ,inna,بیشک
28,63:6,13,إِنَّ,inna,بیشک
29,76:30,7,إِنَّ,inna,بیشک
8,6:141,28,إِنَّهُۥ,innahu,بیشک وہ
8,7:31,12,إِنَّهُۥ,innahu,بیشک
10,9:84,12,إِنَّهُمْ,innahum,بیشک
11,9:95,11,إِنَّهُمْ,innahum,بیشک وہ
12,12:24,16,إِنَّهُۥ,innahu,بیشک وہ
12,12:29,7,إِنَّكِ,innaki,بیشک تو
13,12:83,15,إِنَّهُۥ,innahu,بیشک وہ
13,12:87,12,إِنَّهُۥ,innahu,بیشک
15,17:32,4,إِنَّهُۥ,innahu,بیشک وہ
15,17:37,6,إِنَّكَ,innaka,بیشک تم
16,19:54,5,إِنَّهُۥ,innahu,بیشک وہ
19,26:86,3,إِنَّهُۥ,innahu,بیشک وہ
20,28:34,11,إِنِّىٓ,innī,بیشک میں
27,56:45,1,إِنَّهُمْ,innahum,بیشک
1,2:108,9,مِن,min,سے
1,2:108,10,قَبْلُ ۗ,qablu,اس سے قبل
1,2:23,11,مِّن,min,سے
1,2:23,12,مِّثْلِهِۦ,mith'lihi,اس جیسی
1,2:91,26,مِن,min,سے
1,2:91,27,قَبْلُ,qablu,اس سے پہلے
2,2:166,5,مِنَ,mina,سے
2,2:166,6,ٱلَّذِينَ,alladhīna,ان لوگوں جنہوں نے
3,3:11,5,مِن,min,سے
3,3:11,6,قَبْلِهِمْ ۚ,qablihim,جو ان سے پہلے تھے
3,3:4,1,مِن,min,سے
3,3:4,2,قَبْلُ,qablu,اس سے پہلے
3,3:61,4,مِنۢ,min,سے
3,3:61,5,بَعْدِ,baʿdi,اس کے بعد کہ
3,3:91,9,مِنْ,min,سے
3,3:91,10,أَحَدِهِم,aḥadihim,ان کے کسی ایک
4,3:164,21,مِن,min,سے
4,3:164,22,قَبْلُ,qablu,اس سے پہلے
4,3:93,13,مِن,min,سے
4,3:93,14,قَبْلِ,qabli,اس سے پہلے
5,4:115,4,مِنۢ,min,سے
5,4:115,5,بَعْدِ,baʿdi,اس کے بعد
5,4:117,3,مِن,min,سے
5,4:117,4,دُونِهِۦٓ,dūnihi,اس کے سوا
5,4:136,15,مِن,min,سے
5,4:136,16,قَبْلُ ۚ,qablu,اس سے پہلے
5,4:25,10,فَمِن,famin,تو سے
5,4:25,11,مَّا,mā,ان میں جو
5,4:47,11,مِّن,min,سے
5,4:47,12,قَبْلِ,qabli,اس سے پہلے
5,4:57,8,مِن,min,سے
5,4:57,9,تَحْتِهَا,taḥtihā,ان کے نیچے
7,6:10,4,مِّن,min,سے
7,6:10,5,قَبْلِكَ,qablika,آپ سے پہلے
7,6:28,7,مِن,min,سے
7,6:28,8,قَبْلُ ۖ,qablu,اس سے قبل
7,6:34,4,مِّن,min,سے
7,6:34,5,قَبْلِكَ,qablika,آپ سے پہلے
7,6:54,22,مِنۢ,min,سے
7,6:54,23,بَعْدِهِۦ,baʿdihi,اس کے بعد
7,6:84,9,مِن,min,سے
7,6:84,10,قَبْلُ ۖ,qablu,اس سے قبل
7,6:84,11,وَمِن,wamin,اور سے
7,6:84,12,ذُرِّيَّتِهِۦ,dhurriyyatihi,اس کی اولاد میں
7,6:87,1,وَمِنْ,wamin,اور سے
7,6:87,2,ءَابَآئِهِمْ,ābāihim,ان کے آباؤ و اجداد میں
8,6:161,15,مِنَ,mina,سے
8,6:161,16,ٱلْمُشْرِكِينَ,l-mush'rikīna,مشرکوں میں
9,7:101,16,مِن,min,سے
9,7:101,17,قَبْلُ ۚ,qablu,اس سے پہلے
9,7:129,3,مِن,min,سے
9,7:129,4,قَبْلِ,qabli,اس سے پہلے
9,7:129,7,وَمِنۢ,wamin,اور سے
9,7:129,8,بَعْدِ,baʿdi,اس کے بعد
9,7:150,11,مِنۢ,min,سے
9,7:150,12,بَعْدِىٓ ۖ,baʿdī,میرے بعد
9,7:153,6,مِنۢ,min,سے
9,7:153,7,بَعْدِهَا,baʿdihā,اس کے بعد
9,7:153,11,مِنۢ,min,سے
9,7:153,12,بَعْدِهَا,baʿdihā,اس کے بعد
9,7:155,15,مِّن,min,سے
9,7:155,16,قَبْلُ,qablu,اس سے پہلے
9,7:173,6,مِن,min,سے
9,7:173,7,قَبْلُ,qablu,اس سے پہلے
9,7:90,5,مِن,min,سے
9,7:90,6,قَوْمِهِۦ,qawmihi,اس کی قوم میں
10,9:30,18,مِن,min,سے
10,9:30,19,قَبْلُ ۚ,qablu,اس سے پہلے
10,9:48,4,مِن,min,سے
10,9:48,5,قَبْلُ,qablu,اس سے پہلے
10,9:50,12,مِن,min,سے
10,9:50,13,قَبْلُ,qablu,اس سے پہلے
11,10:102,8,مِن,min,سے
11,10:102,9,قَبْلِهِمْ ۚ,qablihim,ان سے پہلے
11,10:14,6,مِنۢ,min,سے
11,10:14,7,بَعْدِهِمْ,baʿdihim,ان کے بعد
11,10:16,15,مِّن,min,سے
11,10:16,16,قَبْلِهِۦٓ ۚ,qablihi,اس سے پہلے
11,10:61,35,مِن,min,سے
11,10:61,36,ذَٰلِكَ,dhālika,اس
11,10:74,3,مِنۢ,min,سے
11,10:74,4,بَعْدِهِۦ,baʿdihi,اس کے بعد
11,10:74,16,مِن,min,سے
11,10:74,17,قَبْلُ ۚ,qablu,اس سے پہلے
11,10:75,3,مِنۢ,min,سے
11,10:75,4,بَعْدِهِم,baʿdihim,ان کے بعد
11,9:107,14,مِن,min,سے
11,9:107,15,قَبْلُ ۚ,qablu,اس سے پہلے
11,9:113,13,مِنۢ,min,سے
11,9:113,14,بَعْدِ,baʿdi,اس کے بعد
11,9:117,13,مِنۢ,min,سے
11,9:117,14,بَعْدِ,baʿdi,اس کے بعد
12,11:17,10,وَمِن,wamin,اور سے
12,11:17,11,قَبْلِهِۦ,qablihi,اس سے پہلے تھی
12,11:78,5,وَمِن,wamin,اور سے
12,11:78,6,قَبْلُ,qablu,اس سے پہلے
13,12:109,3,مِن,min,سے
13,12:109,4,قَبْلِكَ,qablika,آپ سے پہلے
13,12:109,21,مِن,min,سے
13,12:109,22,قَبْلِهِمْ ۗ,qablihim,ان سے پہلے
13,12:64,10,مِن,min,سے
13,12:64,11,قَبْلُ ۖ,qablu,اس سے قبل
13,12:77,8,مِن,min,سے
13,12:77,9,قَبْلُ ۚ,qablu,اس سے قبل
13,12:80,18,وَمِن,wamin,اور سے
13,12:80,19,قَبْلُ,qablu,اس سے پہلے
13,13:11,32,مِّن,min,سے
13,13:11,33,دُونِهِۦ,dūnihi,اس کے سوا
13,13:30,7,مِن,min,سے
13,13:30,8,قَبْلِهَآ,qablihā,اس سے پہلے
13,13:6,7,مِن,min,سے
13,13:6,8,قَبْلِهِمُ,qablihimu,ان سے پہلے
13,14:14,3,مِنۢ,min,سے
13,14:14,4,بَعْدِهِمْ ۚ,baʿdihim,ان کے بعد
13,14:22,38,مِن,min,سے
13,14:22,39,قَبْلُ ۗ,qablu,اس سے پہلے
13,14:31,12,مِّن,min,سے
13,14:31,13,قَبْلِ,qabli,اس سے پہلے
13,14:44,21,مِّن,min,سے
13,14:44,22,قَبْلُ,qablu,اس سے پہلے
15,17:104,2,مِنۢ,min,سے
15,17:104,3,بَعْدِهِۦ,baʿdihi,اس کے بعد
15,17:107,11,مِن,min,سے
15,17:107,12,قَبْلِهِۦٓ,qablihi,اس سے پہلے
15,18:14,13,مِن,min,سے
15,18:14,14,دُونِهِۦٓ,dūnihi,اس کے سوا
15,18:15,4,مِن,min,سے
15,18:15,5,دُونِهِۦٓ,dūnihi,اس کے سوا
15,18:26,15,مِّن,min,سے
15,18:26,16,دُونِهِۦ,dūnihi,اس کے سوا
17,21:25,3,مِن,min,سے
17,21:25,4,قَبْلِكَ,qablika,آپ سے پہلے
17,21:51,5,مِن,min,سے
17,21:51,6,قَبْلُ,qablu,اس سے پہلے ہی۔ قبل ہی
17,21:76,4,مِن,min,سے
17,21:76,5,قَبْلُ,qablu,اس سے پہلے
17,22:52,3,مِن,min,سے
17,22:52,4,قَبْلِكَ,qablika,آپ سے پہلے
17,22:72,21,مِّن,min,سے
17,22:72,22,ذَٰلِكُمُ ۗ,dhālikumu,اس
17,22:78,21,مِن,min,سے
17,22:78,22,قَبْلُ,qablu,اس سے پہلے بھی
19,26:227,10,مِنۢ,min,سے
19,26:227,11,بَعْدِ,baʿdi,اس کے بعد
19,27:42,11,مِن,min,سے
19,27:42,12,قَبْلِهَا,qablihā,اس سے پہلے ہی
21,29:47,10,وَمِنْ,wamin,اور سے
21,29:47,11,هَـٰٓؤُلَآءِ,hāulāi,ان لوگوں میں
21,29:47,12,مَن,man,کوئی ہے جو
21,29:48,4,مِن,min,سے
21,29:48,5,قَبْلِهِۦ,qablihi,اس سے پہلے
21,30:21,1,وَمِنْ,wamin,اور سے
21,30:21,2,ءَايَـٰتِهِۦٓ,āyātihi,اس کی نشانیوں میں ہے
21,30:28,8,مِّن,min,سے
21,30:28,9,مَّا,mā,ان میں جو
21,30:4,6,مِن,min,سے
21,30:4,7,قَبْلُ,qablu,اس سے پہلے
21,30:4,8,وَمِنۢ,wamin,اور سے
21,30:4,9,بَعْدُ ۚ,baʿdu,اس کے بعد
21,30:42,10,مِن,min,سے
21,30:42,11,قَبْلُ ۚ,qablu,جو اس سے پہلے تھے
21,30:43,5,مِن,min,سے
21,30:43,6,قَبْلِ,qabli,اس سے پہلے
21,30:45,6,مِن,min,سے
21,30:45,7,فَضْلِهِۦٓ ۚ,faḍlihi,اپنے فضل
21,30:49,3,مِن,min,سے
21,30:49,4,قَبْلِ,qabli,اس سے پہلے
21,30:49,8,مِّن,min,سے
21,30:49,9,قَبْلِهِۦ,qablihi,اس سے پہلے
21,30:51,7,مِنۢ,min,سے
21,30:51,8,بَعْدِهِۦ,baʿdihi,اس کے بعد
21,30:9,10,مِن,min,سے
21,30:9,11,قَبْلِهِمْ ۚ,qablihim,جو ان سے پہلے تھے
21,32:4,17,مِّن,min,سے
21,32:4,18,دُونِهِۦ,dūnihi,اس کے سوا
21,33:15,5,مِن,min,سے
21,33:15,6,قَبْلُ,qablu,اس سے پہلے
23,36:36,9,وَمِنْ,wamin,اور سے
23,36:36,10,أَنفُسِهِمْ,anfusihim,ان کے اپنے نفسوں میں
23,39:16,7,وَمِن,wamin,اور سے
23,39:16,8,تَحْتِهِمْ,taḥtihim,ان کے نیچے
23,39:8,19,مِن,min,سے
23,39:8,20,قَبْلُ,qablu,اس سے پہلے
25,41:48,6,مِن,min,سے
25,41:48,7,قَبْلُ ۖ,qablu,اس سے پہلے
25,42:3,6,مِن,min,سے
25,42:3,7,قَبْلِكَ,qablika,آپ سے قبل
25,42:44,8,مِّنۢ,min,سے
25,42:44,9,بَعْدِهِۦ ۗ,baʿdihi,اس کے بعد
25,43:21,4,مِّن,min,سے
25,43:21,5,قَبْلِهِۦ,qablihi,اس سے پہلے
25,44:37,7,مِن,min,سے
25,44:37,8,قَبْلِهِمْ ۚ,qablihim,جو ان سے پہلے تھے
27,51:46,3,مِّن,min,سے
27,51:46,4,قَبْلُ ۖ,qablu,اس سے قبل
27,52:28,3,مِن,min,سے
27,52:28,4,قَبْلُ,qablu,اس سے پہلے
27,53:26,11,مِنۢ,min,سے
27,53:26,12,بَعْدِ,baʿdi,اس کے بعد
27,53:52,3,مِّن,min,سے
27,53:52,4,قَبْلُ ۖ,qablu,اس سے قبل
27,57:10,24,مِّنَ,mina,سے
27,57:10,25,ٱلَّذِينَ,alladhīna,ان لوگوں جنہوں نے
27,57:10,27,مِنۢ,min,سے
27,57:10,28,بَعْدُ,baʿdu,اس کے بعد
27,57:13,25,مِن,min,سے
27,57:13,26,قِبَلِهِ,qibalihi,اس کے سامنے
27,57:16,19,مِن,min,سے
27,57:16,20,قَبْلُ,qablu,اس سے قبل
27,57:22,13,مِّن,min,سے
27,57:22,14,قَبْلِ,qabli,اس سے پہلے
1,2:15,5,فِى,fī,میں
1,2:15,6,طُغْيَـٰنِهِمْ,ṭugh'yānihim,ان کی سرکشی
1,2:19,11,فِىٓ,fī,میں
1,2:19,12,ءَاذَانِهِم,ādhānihim,اپنے کانوں
3,2:274,10,عِندَ,ʿinda,پاس
3,2:274,11,رَبِّهِمْ,rabbihim,ان کے رب کے
3,3:49,39,فِى,fī,میں
3,3:49,40,ذَٰلِكَ,dhālika,اس
4,3:98,10,عَلَىٰ,ʿalā,اوپر
4,3:98,11,مَا,mā,اس کے جو
5,4:107,3,عَنِ,ʿani,طرف سے
5,4:107,4,ٱلَّذِينَ,alladhīna,ان لوگوں کی
5,4:63,13,فِىٓ,fī,میں
5,4:63,14,أَنفُسِهِمْ,anfusihim,ان کے نفسوں
6,5:52,23,عَلَىٰ,ʿalā,اوپر
6,5:52,24,مَآ,mā,اس کے جو
7,5:83,20,مَعَ,maʿa,ساتھ
7,5:83,21,ٱلشَّـٰهِدِينَ,l-shāhidīna,گواہی دینے والوں کے
7,6:25,11,وَفِىٓ,wafī,اور میں
7,6:25,12,ءَاذَانِهِمْ,ādhānihim,ان کے کانوں
7,6:93,47,عَنْ,ʿan,سے
7,6:93,48,ءَايَـٰتِهِۦ,āyātihi,اس کی آیات
8,6:156,12,عَن,ʿan,سے
8,6:156,13,دِرَاسَتِهِمْ,dirāsatihim,ان کے پڑھنے پڑھانے
9,7:141,13,وَفِى,wafī,اور میں
9,7:141,14,ذَٰلِكُم,dhālikum,اس
9,7:154,8,وَفِى,wafī,اور میں
9,7:154,9,نُسْخَتِهَا,nus'khatihā,اس کی تحریر۔ اس کے مضامین
9,7:166,3,عَن,ʿan,سے
9,7:166,4,مَّا,mā,جو
9,7:172,24,عَنْ,ʿan,سے
9,7:172,25,هَـٰذَا,hādhā,اس
11,10:101,11,عَن,ʿan,سے
11,10:101,12,قَوْمٍۢ,qawmin,ایسی قوم (کو)
11,10:46,13,عَلَىٰ,ʿalā,اوپر
11,10:46,14,مَا,mā,اس کے جو
12,11:51,9,عَلَى,ʿalā,ذمہ
12,11:51,10,ٱلَّذِى,alladhī,اس ذات کے
12,12:18,16,عَلَىٰ,ʿalā,خلاف
12,12:18,17,مَا,mā,اس کے جو
13,12:62,11,إِلَىٰٓ,ilā,طرف
13,12:62,12,أَهْلِهِمْ,ahlihim,اپنے گھر والوں کی
13,12:66,21,عَلَىٰ,ʿalā,اوپر
13,12:66,22,مَا,mā,اس کے جو
13,13:3,20,فِى,fī,میں
13,13:3,21,ذَٰلِكَ,dhālika,اس
13,13:4,23,فِى,fī,میں
13,13:4,24,ذَٰلِكَ,dhālika,اس
13,14:5,16,فِى,fī,میں
13,14:5,17,ذَٰلِكَ,dhālika,اس
13,14:6,21,وَفِى,wafī,اور میں
13,14:6,22,ذَٰلِكُم,dhālikum,اس
14,15:88,4,إِلَىٰ,ilā,طرف
14,15:88,5,مَا,mā,اس کے جو
15,18:57,20,وَفِىٓ,wafī,اور میں
15,18:57,21,ءَاذَانِهِمْ,ādhānihim,ان کے کانوں
15,18:68,3,عَلَىٰ,ʿalā,اوپر
15,18:68,4,مَا,mā,اس کے جو
16,20:130,2,عَلَىٰ,ʿalā,اوپر
16,20:130,3,مَا,mā,اس کے جو
17,21:102,5,فِى,fī,میں
17,21:102,6,مَا,mā,جو
17,21:112,8,عَلَىٰ,ʿalā,اوپر
17,21:112,9,مَا,mā,اس کے جو
17,21:32,6,عَنْ,ʿan,سے
17,21:32,7,ءَايَـٰتِهَا,āyātihā,اس کی نشانیوں
17,22:28,10,عَلَىٰ,ʿalā,اوپر
17,22:28,11,مَا,mā,اس کے جو
17,22:34,8,عَلَىٰ,ʿalā,اوپر
17,22:34,9,مَا,mā,اس کے جو
17,22:37,16,عَلَىٰ,ʿalā,اوپر
17,22:37,17,مَا,mā,اس کے جو
17,22:39,8,عَلَىٰ,ʿalā,پر
17,22:39,9,نَصْرِهِمْ,naṣrihim,ان کی مدد
17,22:76,3,بَيْنَ,bayna,آگے ہے
17,22:76,4,أَيْدِيهِمْ,aydīhim,ان کے
19,25:23,2,إِلَىٰ,ilā,طرف
19,25:23,3,مَا,mā,اس کے جو
19,26:121,2,فِى,fī,میں
19,26:121,3,ذَٰلِكَ,dhālika,اس
19,26:121,4,لَـَٔايَةًۭ ۖ,laāyatan,البتہ ایک نشانی ہے
19,26:139,4,فِى,fī,میں
19,26:139,5,ذَٰلِكَ,dhālika,اس
19,26:139,6,لَـَٔايَةًۭ ۖ,laāyatan,البتہ ایک نشانی ہے
19,26:146,2,فِى,fī,میں
19,26:146,3,مَا,mā,جو
19,26:158,4,فِى,fī,میں
19,26:158,5,ذَٰلِكَ,dhālika,اس
19,26:158,6,لَـَٔايَةًۭ ۖ,laāyatan,البتہ ایک نشانی ہے
19,26:190,2,فِى,fī,میں
19,26:190,3,ذَٰلِكَ,dhālika,اس
19,26:190,4,لَـَٔايَةًۭ ۖ,laāyatan,البتہ ایک نشانی ہے
19,26:67,2,فِى,fī,میں
19,26:67,3,ذَٰلِكَ,dhālika,اس
19,26:67,4,لَـَٔايَةًۭ ۖ,laāyatan,البتہ ایک نشانی ہے
19,26:8,2,فِى,fī,میں
19,26:8,3,ذَٰلِكَ,dhālika,اس
19,26:8,4,لَـَٔايَةًۭ ۖ,laāyatan,البتہ ایک نشانی ہے
21,29:51,10,فِى,fī,میں
21,29:51,11,ذَٰلِكَ,dhālika,اس
21,29:51,12,لَرَحْمَةًۭ,laraḥmatan,البتہ رحمت ہے
21,30:21,16,فِى,fī,میں
21,30:21,17,ذَٰلِكَ,dhālika,اس
21,30:23,10,فِى,fī,میں
21,30:23,11,ذَٰلِكَ,dhālika,اس
21,30:23,12,لَـَٔايَـٰتٍۢ,laāyātin,البتہ نشانیاں ہیں
21,30:24,17,فِى,fī,میں
21,30:24,18,ذَٰلِكَ,dhālika,اس
21,30:28,14,فِى,fī,میں
21,30:28,15,مَا,mā,جو
21,30:37,11,فِى,fī,میں
21,30:37,12,ذَٰلِكَ,dhālika,اس
21,30:37,13,لَـَٔايَـٰتٍۢ,laāyātin,البتہ نشانیاں ہیں
21,30:53,5,عَن,ʿan,سے
21,30:53,6,ضَلَـٰلَتِهِمْ ۖ,ḍalālatihim,ان کی گمراہی
21,31:17,10,عَلَىٰ,ʿalā,اوپر
21,31:17,11,مَآ,mā,اس کے جو
21,31:31,14,فِى,fī,میں
21,31:31,15,ذَٰلِكَ,dhālika,اس
21,31:31,16,لَـَٔايَـٰتٍۢ,laāyātin,البتہ نشانیاں ہیں
21,31:33,10,عَن,ʿan,طرف سے
21,31:33,11,وَلَدِهِۦ,waladihi,اپنے بچے کی
21,32:26,14,فِى,fī,میں
21,32:26,15,ذَٰلِكَ,dhālika,اس
21,32:26,16,لَـَٔايَـٰتٍ ۖ,laāyātin,البتہ نشانیاں ہیں
22,34:54,3,وَبَيْنَ,wabayna,اور درمیان
22,34:54,4,مَا,mā,اس کے جو
23,39:3,21,فِى,fī,میں
23,39:3,22,مَا,mā,جو
24,39:46,13,فِى,fī,میں
24,39:46,14,مَا,mā,جو
27,53:29,2,عَن,ʿan,سے
27,53:29,3,مَّن,man,جو
27,56:61,6,فِى,fī,میں
27,56:61,7,مَا,mā,جو تم
27,57:12,7,بَيْنَ,bayna,آگے
27,57:12,8,أَيْدِيهِمْ,aydīhim,ان کے
29,73:10,2,عَلَىٰ,ʿalā,اوپر
29,73:10,3,مَا,mā,اس کے جو
1,2:20,17,لَذَهَبَ,ladhahaba,تو لے جائے
1,2:64,11,لَكُنتُم,lakuntum,تو ہوتے تم
2,2:220,22,لَأَعْنَتَكُمْ ۚ,la-aʿnatakum,تو مشکل میں ڈال دیتا تم کو
2,2:251,20,لَّفَسَدَتِ,lafasadati,تو بگڑ جاتی
4,3:110,17,لَكَانَ,lakāna,تو ہوتا
4,3:154,56,لَبَرَزَ,labaraza,تو نکل پڑتے
4,3:159,12,لَٱنفَضُّوا۟,la-infaḍḍū,تو منتشر ہوجاتے
4,3:167,17,لَّٱتَّبَعْنَـٰكُمْ ۗ,la-ittabaʿnākum,تو ہم پیروی کرتے تمہاری
5,4:46,27,لَكَانَ,lakāna,تو ہوتا
5,4:64,20,لَوَجَدُوا۟,lawajadū,تو وہ پاتے
5,4:66,23,لَكَانَ,lakāna,تو ہوتا
5,4:68,1,وَلَهَدَيْنَـٰهُمْ,walahadaynāhum,اور ہم ہدایت دیتے ان کو
5,4:82,10,لَوَجَدُوا۟,lawajadū,تو وہ پاتے
5,4:83,18,لَعَلِمَهُ,laʿalimahu,تو جان لیتے اس کو
5,4:83,27,لَٱتَّبَعْتُمُ,la-ittabaʿtumu,تو پیروی کرتے تم
5,4:90,21,لَسَلَّطَهُمْ,lasallaṭahum,تو مسلط کردیتا ان کو
5,4:90,23,فَلَقَـٰتَلُوكُمْ ۚ,falaqātalūkum,پس وہ لڑتے تم سے
5,4:113,6,لَهَمَّت,lahammat,تو ارادہ کرلیا تھا
6,5:65,7,لَكَفَّرْنَا,lakaffarnā,تو دور کردیتے ہم
6,5:65,10,وَلَأَدْخَلْنَـٰهُمْ,wala-adkhalnāhum,اور ہم داخل کرتے ان کو
6,5:66,11,لَأَكَلُوا۟,la-akalū,تو وہ کھاتے
7,6:7,9,لَقَالَ,laqāla,تو کہتے
7,6:8,9,لَّقُضِىَ,laquḍiya,تو فیصلہ کردیا جاتا
7,6:9,4,لَّجَعَلْنَـٰهُ,lajaʿalnāhu,تو ہم بناتے اس کو
7,6:9,6,وَلَلَبَسْنَا,walalabasnā,اور ہم مشتبہ کردیتے
7,6:28,11,لَعَادُوا۟,laʿādū,تو لوٹ آئیں
7,6:35,22,لَجَمَعَهُمْ,lajamaʿahum,تو جمع کردیتا ان کو
7,6:58,8,لَقُضِىَ,laquḍiya,تو فیصلہ کردیا جاتا
7,6:88,12,لَحَبِطَ,laḥabiṭa,تو ضائع ہوجاتے
8,6:149,7,لَهَدَىٰكُمْ,lahadākum,تو ہدایت دے دیتا تم کو
8,6:157,8,لَكُنَّآ,lakunnā,تو ہوتے ہم
9,7:96,7,لَفَتَحْنَا,lafataḥnā,تو کھول دیتے ہم
9,7:176,3,لَرَفَعْنَـٰهُ,larafaʿnāhu,تو ہم اٹھاتے اس کو
9,7:188,16,لَٱسْتَكْثَرْتُ,la-is'takthartu,تو میں جمع کرلیتا۔ کثرت سے حاصل کرلیتا
9,8:23,6,لَّأَسْمَعَهُمْ ۖ,la-asmaʿahum,تو ضرور سنوا دیتا ان کو
9,8:23,9,لَتَوَلَّوا۟,latawallaw,تو وہ منہ پھیر جاتے
9,8:31,10,لَقُلْنَا,laqul'nā,تو ہم کہہ سکتے ہیں
10,8:42,13,لَٱخْتَلَفْتُمْ,la-ikh'talaftum,تو اختلاف میں پڑجاتے تم
10,8:43,10,لَّفَشِلْتُمْ,lafashil'tum,تو ہمت ہارجاتے تم
10,8:43,11,وَلَتَنَـٰزَعْتُمْ,walatanāzaʿtum,اور جھگڑنے لگتے تم
10,8:68,6,لَمَسَّكُمْ,lamassakum,تو پہنچتا تم کو
10,9:42,7,لَّٱتَّبَعُوكَ,la-ittabaʿūka,تو پیروی کرتے تیری
10,9:42,16,لَخَرَجْنَا,lakharajnā,تو نکلتے ہم
10,9:46,4,لَأَعَدُّوا۟,la-aʿaddū,تو تیاری کرتے
10,9:47,8,وَلَأَوْضَعُوا۟,wala-awḍaʿū,اور وہ خوب دوڑاتے
10,9:57,8,لَّوَلَّوْا۟,lawallaw,تو بھاگ جائیں
11,10:11,8,لَقُضِىَ,laquḍiya,تو پوری کردی جاتی
11,10:19,13,لَقُضِىَ,laquḍiya,تو فیصلہ کردیا جاتا
11,10:54,9,لَٱفْتَدَتْ,la-if'tadat,تو فدیہ دے دے
11,10:99,4,لَـَٔامَنَ,laāmana,تو ایمان لے آتے
12,11:91,14,لَرَجَمْنَـٰكَ ۖ,larajamnāka,تو ہم سنگسار کردیتے تجھ کو
12,11:110,12,لَقُضِىَ,laquḍiya,تو فیصلہ کردیا جاتا
12,11:118,4,لَجَعَلَ,lajaʿala,تو کردیتا
13,13:18,18,لَٱفْتَدَوْا۟,la-if'tadaw,تو وہ فدیہ دے دیتے
13,13:31,27,لَهَدَى,lahadā,تو ہدایت دے دیتا
13,14:21,25,لَهَدَيْنَـٰكُمْ ۖ,lahadaynākum,تو ہم بھی ہدایت دیتے تم کو
14,15:15,1,لَقَالُوٓا۟,laqālū,تو وہ کہتے
14,16:9,9,لَهَدَىٰكُمْ,lahadākum,تو ہدایت دے دیتا تم کو
14,16:93,4,لَجَعَلَكُمْ,lajaʿalakum,تو بنا دیتا تم کو
15,17:95,9,لَنَزَّلْنَا,lanazzalnā,تو نازل کرتے ہم
15,18:18,17,لَوَلَّيْتَ,lawallayta,تو پیٹھ پھیر لیتے
15,18:18,20,وَلَمُلِئْتَ,walamuli'ta,اور تم بھر دیئے جاتے
15,18:58,9,لَعَجَّلَ,laʿajjala,تو جلدی بھیج دیتا
16,18:77,22,لَتَّخَذْتَ,lattakhadhta,تو تم لے لیتے
16,18:109,8,لَنَفِدَ,lanafida,تو ختم ہوجائے
16,20:129,6,لَكَانَ,lakāna,تو ہوتا
16,20:134,7,لَقَالُوا۟,laqālū,تو وہ کہتے
17,21:17,6,لَّٱتَّخَذْنَـٰهُ,la-ittakhadhnāhu,تو بنا لیتے ہم اس کو
17,21:22,7,لَفَسَدَتَا ۚ,lafasadatā,تو دونوں کا انتظام بگڑ جاتا۔ دونوں بگڑ جاتے
17,22:40,18,لَّهُدِّمَتْ,lahuddimat,تو ڈھا دی جاتیں
18,23:24,19,لَأَنزَلَ,la-anzala,تو نازل کردیتا
18,23:71,5,لَفَسَدَتِ,lafasadati,تو بگڑ جاتے
18,23:75,8,لَّلَجُّوا۟,lalajjū,تو اڑے رہتے
18,24:14,9,لَمَسَّكُمْ,lamassakum,تو چھو جاتا تم کو
19,25:45,10,لَجَعَلَهُۥ,lajaʿalahu,تو کردیتا اس کو
19,25:51,3,لَبَعَثْنَا,labaʿathnā,تو ہم اٹھاتے
20,28:82,21,لَخَسَفَ,lakhasafa,تو وہ دھنسا دیتا
21,29:53,6,لَّجَآءَهُمُ,lajāahumu,تو آجاتا ان کے پاس
21,32:13,3,لَـَٔاتَيْنَا,laātaynā,تو دے دیتے ہم
21,33:14,9,لَـَٔاتَوْهَا,laātawhā,تو وہ آجاتے اس کی طرف۔ اس کو کر گزرتے
22,34:31,31,لَكُنَّا,lakunnā,تو ہوتے ہم
23,36:66,3,لَطَمَسْنَا,laṭamasnā,تو نا پید کردیں
23,36:67,3,لَمَسَخْنَـٰهُمْ,lamasakhnāhum,تو مسخ کردیں ہم ان کو
23,37:57,4,لَكُنتُ,lakuntu,تو میں ہوتا
23,37:144,1,لَلَبِثَ,lalabitha,تو وہ ٹھہرے رہتے
23,37:169,1,لَكُنَّا,lakunnā,تو ہوتے ہم
23,39:4,7,لَّٱصْطَفَىٰ,la-iṣ'ṭafā,تو چن لیتا
24,39:47,11,لَٱفْتَدَوْا۟,la-if'tadaw,تو وہ فدیے میں دے دیں
24,39:57,7,لَكُنتُ,lakuntu,تو میں ہوتا
24,41:14,17,لَأَنزَلَ,la-anzala,تو اتار دیتا
24,41:44,5,لَّقَالُوا۟,laqālū,تو وہ کہتے
24,41:45,12,لَقُضِىَ,laquḍiya,تو فیصلہ کردیا جاتا
25,42:8,4,لَجَعَلَهُمْ,lajaʿalahum,تو بنادیتا ان کو
25,42:14,19,لَّقُضِىَ,laquḍiya,تو فیصلہ کردیا جاتا
25,42:21,16,لَقُضِىَ,laquḍiya,تو فیصلہ کردیا جاتا
25,42:27,6,لَبَغَوْا۟,labaghaw,تو وہ بغاوت کر دیتے
25,43:33,7,لَّجَعَلْنَا,lajaʿalnā,تو ہم بنا دیتے
25,43:60,3,لَجَعَلْنَا,lajaʿalnā,تو ہم بنادیں
26,47:4,25,لَٱنتَصَرَ,la-intaṣara,تو بدلے لے لیتا
26,47:21,10,لَكَانَ,lakāna,تو ہوتا
26,47:30,3,لَأَرَيْنَـٰكَهُمْ,la-araynākahum,تو دکھا دیں ہم تجھ کو انہیں
26,47:30,4,فَلَعَرَفْتَهُم,falaʿaraftahum,پھر پہچان لو تم ان کو
26,48:22,5,لَوَلَّوُا۟,lawallawū,تو پھیر لیتے
26,48:25,35,لَعَذَّبْنَا,laʿadhabnā,تو عذاب دیتے ہم
26,49:5,7,لَكَانَ,lakāna,تو ہوتا
26,49:7,12,لَعَنِتُّمْ,laʿanittum,تو مشکل میں پڑجاؤ تم
27,56:65,3,لَجَعَلْنَـٰهُ,lajaʿalnāhu,تو ہم کردیں اس کو
28,59:3,7,لَعَذَّبَهُمْ,laʿadhabahum,تو عذاب دیتا ان کو
28,59:21,7,لَّرَأَيْتَهُۥ,lara-aytahu,تو تم دیکھتے اس کو
29,68:49,7,لَنُبِذَ,lanubidha,تو پھینک دیا جاتا
29,69:45,1,لَأَخَذْنَا,la-akhadhnā,تو پکڑ لیتے ہم
29,69:46,2,لَقَطَعْنَا,laqaṭaʿnā,کاٹ دیتے ہم
29,72:16,5,لَأَسْقَيْنَـٰهُم,la-asqaynāhum,تو پلاتے ہم ان کو
